{
  "tdt:epcTagDataTranslation": {
    "version": "2.2",
    "date": "2024-11-18T16:30:00Z",
    "epcTDSVersion": "2.2",
    "scheme": {
      "name": "GDTI-96",
      "optionKey": "gs1companyprefixlength",
      "tagLength": 96,
      "level": [
        {
          "type": "BINARY",
          "prefixMatch": "00101100",
          "requiredFormattingParameters": "filter,tagLength",
          "option": [
            {
              "optionKey": "12",
              "pattern": "^00101100([01]{3})000([01]{40})(0)([01]{41})",
              "grammar": "'00101100' filter '000' gs1companyprefix doctype serial",
              "field": [
                {
                  "seq": 1,
                  "decimalMinimum": "0",
                  "decimalMaximum": "7",
                  "characterSet": "[01]*",
                  "bitPadDir": "LEFT",
                  "bitLength": 3,
                  "name": "filter",
                  "length": 1
                },
                {
                  "seq": 2,
                  "decimalMinimum": "0",
                  "decimalMaximum": "999999999999",
                  "characterSet": "[01]*",
                  "bitPadDir": "LEFT",
                  "bitLength": 40,
                  "name": "gs1companyprefix",
                  "length": 12
                },
                {
                  "seq": 3,
                  "decimalMinimum": "0",
                  "decimalMaximum": "0",
                  "characterSet": "[01]*",
                  "bitPadDir": "LEFT",
                  "bitLength": 1,
                  "name": "doctype",
                  "length": 0
                },
                {
                  "seq": 4,
                  "decimalMinimum": "0",
                  "decimalMaximum": "2199023255551",
                  "characterSet": "[01]*",
                  "bitPadDir": "LEFT",
                  "bitLength": 41,
                  "name": "serial"
                }
              ]
            },
            {
              "optionKey": "11",
              "pattern": "^00101100([01]{3})001([01]{37})([01]{4})([01]{41})",
              "grammar": "'00101100' filter '001' gs1companyprefix doctype serial",
              "field": [
                {
                  "seq": 1,
                  "decimalMinimum": "0",
                  "decimalMaximum": "7",
                  "characterSet": "[01]*",
                  "bitPadDir": "LEFT",
                  "bitLength": 3,
                  "name": "filter",
                  "length": 1
                },
                {
                  "seq": 2,
                  "decimalMinimum": "0",
                  "decimalMaximum": "99999999999",
                  "characterSet": "[01]*",
                  "bitPadDir": "LEFT",
                  "bitLength": 37,
                  "name": "gs1companyprefix",
                  "length": 11
                },
                {
                  "seq": 3,
                  "decimalMinimum": "0",
                  "decimalMaximum": "9",
                  "characterSet": "[01]*",
                  "bitPadDir": "LEFT",
                  "bitLength": 4,
                  "name": "doctype",
                  "length": 1
                },
                {
                  "seq": 4,
                  "decimalMinimum": "0",
                  "decimalMaximum": "2199023255551",
                  "characterSet": "[01]*",
                  "bitPadDir": "LEFT",
                  "bitLength": 41,
                  "name": "serial"
                }
              ]
            },
            {
              "optionKey": "10",
              "pattern": "^00101100([01]{3})010([01]{34})([01]{7})([01]{41})",
              "grammar": "'00101100' filter '010' gs1companyprefix doctype serial",
              "field": [
                {
                  "seq": 1,
                  "decimalMinimum": "0",
                  "decimalMaximum": "7",
                  "characterSet": "[01]*",
                  "bitPadDir": "LEFT",
                  "bitLength": 3,
                  "name": "filter",
                  "length": 1
                },
                {
                  "seq": 2,
                  "decimalMinimum": "0",
                  "decimalMaximum": "9999999999",
                  "characterSet": "[01]*",
                  "bitPadDir": "LEFT",
                  "bitLength": 34,
                  "name": "gs1companyprefix",
                  "length": 10
                },
                {
                  "seq": 3,
                  "decimalMinimum": "0",
                  "decimalMaximum": "99",
                  "characterSet": "[01]*",
                  "bitPadDir": "LEFT",
                  "bitLength": 7,
                  "name": "doctype",
                  "length": 2
                },
                {
                  "seq": 4,
                  "decimalMinimum": "0",
                  "decimalMaximum": "2199023255551",
                  "characterSet": "[01]*",
                  "bitPadDir": "LEFT",
                  "bitLength": 41,
                  "name": "serial"
                }
              ]
            },
            {
              "optionKey": "9",
              "pattern": "^00101100([01]{3})011([01]{30})([01]{11})([01]{41})",
              "grammar": "'00101100' filter '011' gs1companyprefix doctype serial",
              "field": [
                {
                  "seq": 1,
                  "decimalMinimum": "0",
                  "decimalMaximum": "7",
                  "characterSet": "[01]*",
                  "bitPadDir": "LEFT",
                  "bitLength": 3,
                  "name": "filter",
                  "length": 1
                },
                {
                  "seq": 2,
                  "decimalMinimum": "0",
                  "decimalMaximum": "999999999",
                  "characterSet": "[01]*",
                  "bitPadDir": "LEFT",
                  "bitLength": 30,
                  "name": "gs1companyprefix",
                  "length": 9
                },
                {
                  "seq": 3,
                  "decimalMinimum": "0",
                  "decimalMaximum": "999",
                  "characterSet": "[01]*",
                  "bitPadDir": "LEFT",
                  "bitLength": 11,
                  "name": "doctype",
                  "length": 3
                },
                {
                  "seq": 4,
                  "decimalMinimum": "0",
                  "decimalMaximum": "2199023255551",
                  "characterSet": "[01]*",
                  "bitPadDir": "LEFT",
                  "bitLength": 41,
                  "name": "serial"
                }
              ]
            },
            {
              "optionKey": "8",
              "pattern": "^00101100([01]{3})100([01]{27})([01]{14})([01]{41})",
              "grammar": "'00101100' filter '100' gs1companyprefix doctype serial",
              "field": [
                {
                  "seq": 1,
                  "decimalMinimum": "0",
                  "decimalMaximum": "7",
                  "characterSet": "[01]*",
                  "bitPadDir": "LEFT",
                  "bitLength": 3,
                  "name": "filter",
                  "length": 1
                },
                {
                  "seq": 2,
                  "decimalMinimum": "0",
                  "decimalMaximum": "99999999",
                  "characterSet": "[01]*",
                  "bitPadDir": "LEFT",
                  "bitLength": 27,
                  "name": "gs1companyprefix",
                  "length": 8
                },
                {
                  "seq": 3,
                  "decimalMinimum": "0",
                  "decimalMaximum": "9999",
                  "characterSet": "[01]*",
                  "bitPadDir": "LEFT",
                  "bitLength": 14,
                  "name": "doctype",
                  "length": 4
                },
                {
                  "seq": 4,
                  "decimalMinimum": "0",
                  "decimalMaximum": "2199023255551",
                  "characterSet": "[01]*",
                  "bitPadDir": "LEFT",
                  "bitLength": 41,
                  "name": "serial"
                }
              ]
            },
            {
              "optionKey": "7",
              "pattern": "^00101100([01]{3})101([01]{24})([01]{17})([01]{41})",
              "grammar": "'00101100' filter '101' gs1companyprefix doctype serial",
              "field": [
                {
                  "seq": 1,
                  "decimalMinimum": "0",
                  "decimalMaximum": "7",
                  "characterSet": "[01]*",
                  "bitPadDir": "LEFT",
                  "bitLength": 3,
                  "name": "filter",
                  "length": 1
                },
                {
                  "seq": 2,
                  "decimalMinimum": "0",
                  "decimalMaximum": "9999999",
                  "characterSet": "[01]*",
                  "bitPadDir": "LEFT",
                  "bitLength": 24,
                  "name": "gs1companyprefix",
                  "length": 7
                },
                {
                  "seq": 3,
                  "decimalMinimum": "0",
                  "decimalMaximum": "99999",
                  "characterSet": "[01]*",
                  "bitPadDir": "LEFT",
                  "bitLength": 17,
                  "name": "doctype",
                  "length": 5
                },
                {
                  "seq": 4,
                  "decimalMinimum": "0",
                  "decimalMaximum": "2199023255551",
                  "characterSet": "[01]*",
                  "bitPadDir": "LEFT",
                  "bitLength": 41,
                  "name": "serial"
                }
              ]
            },
            {
              "optionKey": "6",
              "pattern": "^00101100([01]{3})110([01]{20})([01]{21})([01]{41})",
              "grammar": "'00101100' filter '110' gs1companyprefix doctype serial",
              "field": [
                {
                  "seq": 1,
                  "decimalMinimum": "0",
                  "decimalMaximum": "7",
                  "characterSet": "[01]*",
                  "bitPadDir": "LEFT",
                  "bitLength": 3,
                  "name": "filter",
                  "length": 1
                },
                {
                  "seq": 2,
                  "decimalMinimum": "0",
                  "decimalMaximum": "999999",
                  "characterSet": "[01]*",
                  "bitPadDir": "LEFT",
                  "bitLength": 20,
                  "name": "gs1companyprefix",
                  "length": 6
                },
                {
                  "seq": 3,
                  "decimalMinimum": "0",
                  "decimalMaximum": "999999",
                  "characterSet": "[01]*",
                  "bitPadDir": "LEFT",
                  "bitLength": 21,
                  "name": "doctype",
                  "length": 6
                },
                {
                  "seq": 4,
                  "decimalMinimum": "0",
                  "decimalMaximum": "2199023255551",
                  "characterSet": "[01]*",
                  "bitPadDir": "LEFT",
                  "bitLength": 41,
                  "name": "serial"
                }
              ]
            }
          ]
        },
        {
          "type": "TAG_ENCODING",
          "prefixMatch": "urn:epc:tag:gdti-96",
          "requiredFormattingParameters": "filter,tagLength",
          "option": [
            {
              "optionKey": "12",
              "pattern": "^urn:epc:tag:gdti-96:([0-7]{1})\\.([0-9]{12})\\.()\\.([0-9]{1,13})$",
              "grammar": "'urn:epc:tag:gdti-96:' filter '.' gs1companyprefix '.' doctype '.' serial",
              "field": [
                {
                  "seq": 1,
                  "decimalMinimum": "0",
                  "decimalMaximum": "7",
                  "characterSet": "[0-7]*",
                  "length": 1,
                  "padChar": "0",
                  "padDir": "LEFT",
                  "name": "filter"
                },
                {
                  "seq": 2,
                  "decimalMinimum": "0",
                  "decimalMaximum": "999999999999",
                  "characterSet": "[0-9]*",
                  "length": 12,
                  "padChar": "0",
                  "padDir": "LEFT",
                  "name": "gs1companyprefix"
                },
                {
                  "seq": 3,
                  "decimalMinimum": "0",
                  "decimalMaximum": "0",
                  "characterSet": "[0-9]*",
                  "length": 0,
                  "padChar": "0",
                  "padDir": "LEFT",
                  "name": "doctype"
                },
                {
                  "seq": 4,
                  "decimalMinimum": "0",
                  "decimalMaximum": "2199023255551",
                  "characterSet": "[0-9]*",
                  "name": "serial"
                }
              ]
            },
            {
              "optionKey": "11",
              "pattern": "^urn:epc:tag:gdti-96:([0-7]{1})\\.([0-9]{11})\\.([0-9]{1})\\.([0-9]{1,13})$",
              "grammar": "'urn:epc:tag:gdti-96:' filter '.' gs1companyprefix '.' doctype '.' serial",
              "field": [
                {
                  "seq": 1,
                  "decimalMinimum": "0",
                  "decimalMaximum": "7",
                  "characterSet": "[0-7]*",
                  "length": 1,
                  "padChar": "0",
                  "padDir": "LEFT",
                  "name": "filter"
                },
                {
                  "seq": 2,
                  "decimalMinimum": "0",
                  "decimalMaximum": "99999999999",
                  "characterSet": "[0-9]*",
                  "length": 11,
                  "padChar": "0",
                  "padDir": "LEFT",
                  "name": "gs1companyprefix"
                },
                {
                  "seq": 3,
                  "decimalMinimum": "0",
                  "decimalMaximum": "9",
                  "characterSet": "[0-9]*",
                  "length": 1,
                  "padChar": "0",
                  "padDir": "LEFT",
                  "name": "doctype"
                },
                {
                  "seq": 4,
                  "decimalMinimum": "0",
                  "decimalMaximum": "2199023255551",
                  "characterSet": "[0-9]*",
                  "name": "serial"
                }
              ]
            },
            {
              "optionKey": "10",
              "pattern": "^urn:epc:tag:gdti-96:([0-7]{1})\\.([0-9]{10})\\.([0-9]{2})\\.([0-9]{1,13})$",
              "grammar": "'urn:epc:tag:gdti-96:' filter '.' gs1companyprefix '.' doctype '.' serial",
              "field": [
                {
                  "seq": 1,
                  "decimalMinimum": "0",
                  "decimalMaximum": "7",
                  "characterSet": "[0-7]*",
                  "length": 1,
                  "padChar": "0",
                  "padDir": "LEFT",
                  "name": "filter"
                },
                {
                  "seq": 2,
                  "decimalMinimum": "0",
                  "decimalMaximum": "9999999999",
                  "characterSet": "[0-9]*",
                  "length": 10,
                  "padChar": "0",
                  "padDir": "LEFT",
                  "name": "gs1companyprefix"
                },
                {
                  "seq": 3,
                  "decimalMinimum": "0",
                  "decimalMaximum": "99",
                  "characterSet": "[0-9]*",
                  "length": 2,
                  "padChar": "0",
                  "padDir": "LEFT",
                  "name": "doctype"
                },
                {
                  "seq": 4,
                  "decimalMinimum": "0",
                  "decimalMaximum": "2199023255551",
                  "characterSet": "[0-9]*",
                  "name": "serial"
                }
              ]
            },
            {
              "optionKey": "9",
              "pattern": "^urn:epc:tag:gdti-96:([0-7]{1})\\.([0-9]{9})\\.([0-9]{3})\\.([0-9]{1,13})$",
              "grammar": "'urn:epc:tag:gdti-96:' filter '.' gs1companyprefix '.' doctype '.' serial",
              "field": [
                {
                  "seq": 1,
                  "decimalMinimum": "0",
                  "decimalMaximum": "7",
                  "characterSet": "[0-7]*",
                  "length": 1,
                  "padChar": "0",
                  "padDir": "LEFT",
                  "name": "filter"
                },
                {
                  "seq": 2,
                  "decimalMinimum": "0",
                  "decimalMaximum": "999999999",
                  "characterSet": "[0-9]*",
                  "length": 9,
                  "padChar": "0",
                  "padDir": "LEFT",
                  "name": "gs1companyprefix"
                },
                {
                  "seq": 3,
                  "decimalMinimum": "0",
                  "decimalMaximum": "999",
                  "characterSet": "[0-9]*",
                  "length": 3,
                  "padChar": "0",
                  "padDir": "LEFT",
                  "name": "doctype"
                },
                {
                  "seq": 4,
                  "decimalMinimum": "0",
                  "decimalMaximum": "2199023255551",
                  "characterSet": "[0-9]*",
                  "name": "serial"
                }
              ]
            },
            {
              "optionKey": "8",
              "pattern": "^urn:epc:tag:gdti-96:([0-7]{1})\\.([0-9]{8})\\.([0-9]{4})\\.([0-9]{1,13})$",
              "grammar": "'urn:epc:tag:gdti-96:' filter '.' gs1companyprefix '.' doctype '.' serial",
              "field": [
                {
                  "seq": 1,
                  "decimalMinimum": "0",
                  "decimalMaximum": "7",
                  "characterSet": "[0-7]*",
                  "length": 1,
                  "padChar": "0",
                  "padDir": "LEFT",
                  "name": "filter"
                },
                {
                  "seq": 2,
                  "decimalMinimum": "0",
                  "decimalMaximum": "99999999",
                  "characterSet": "[0-9]*",
                  "length": 8,
                  "padChar": "0",
                  "padDir": "LEFT",
                  "name": "gs1companyprefix"
                },
                {
                  "seq": 3,
                  "decimalMinimum": "0",
                  "decimalMaximum": "9999",
                  "characterSet": "[0-9]*",
                  "length": 4,
                  "padChar": "0",
                  "padDir": "LEFT",
                  "name": "doctype"
                },
                {
                  "seq": 4,
                  "decimalMinimum": "0",
                  "decimalMaximum": "2199023255551",
                  "characterSet": "[0-9]*",
                  "name": "serial"
                }
              ]
            },
            {
              "optionKey": "7",
              "pattern": "^urn:epc:tag:gdti-96:([0-7]{1})\\.([0-9]{7})\\.([0-9]{5})\\.([0-9]{1,13})$",
              "grammar": "'urn:epc:tag:gdti-96:' filter '.' gs1companyprefix '.' doctype '.' serial",
              "field": [
                {
                  "seq": 1,
                  "decimalMinimum": "0",
                  "decimalMaximum": "7",
                  "characterSet": "[0-7]*",
                  "length": 1,
                  "padChar": "0",
                  "padDir": "LEFT",
                  "name": "filter"
                },
                {
                  "seq": 2,
                  "decimalMinimum": "0",
                  "decimalMaximum": "9999999",
                  "characterSet": "[0-9]*",
                  "length": 7,
                  "padChar": "0",
                  "padDir": "LEFT",
                  "name": "gs1companyprefix"
                },
                {
                  "seq": 3,
                  "decimalMinimum": "0",
                  "decimalMaximum": "99999",
                  "characterSet": "[0-9]*",
                  "length": 5,
                  "padChar": "0",
                  "padDir": "LEFT",
                  "name": "doctype"
                },
                {
                  "seq": 4,
                  "decimalMinimum": "0",
                  "decimalMaximum": "2199023255551",
                  "characterSet": "[0-9]*",
                  "name": "serial"
                }
              ]
            },
            {
              "optionKey": "6",
              "pattern": "^urn:epc:tag:gdti-96:([0-7]{1})\\.([0-9]{6})\\.([0-9]{6})\\.([0-9]{1,13})$",
              "grammar": "'urn:epc:tag:gdti-96:' filter '.' gs1companyprefix '.' doctype '.' serial",
              "field": [
                {
                  "seq": 1,
                  "decimalMinimum": "0",
                  "decimalMaximum": "7",
                  "characterSet": "[0-7]*",
                  "length": 1,
                  "padChar": "0",
                  "padDir": "LEFT",
                  "name": "filter"
                },
                {
                  "seq": 2,
                  "decimalMinimum": "0",
                  "decimalMaximum": "999999",
                  "characterSet": "[0-9]*",
                  "length": 6,
                  "padChar": "0",
                  "padDir": "LEFT",
                  "name": "gs1companyprefix"
                },
                {
                  "seq": 3,
                  "decimalMinimum": "0",
                  "decimalMaximum": "999999",
                  "characterSet": "[0-9]*",
                  "length": 6,
                  "padChar": "0",
                  "padDir": "LEFT",
                  "name": "doctype"
                },
                {
                  "seq": 4,
                  "decimalMinimum": "0",
                  "decimalMaximum": "2199023255551",
                  "characterSet": "[0-9]*",
                  "name": "serial"
                }
              ]
            }
          ]
        },
        {
          "type": "PURE_IDENTITY",
          "prefixMatch": "urn:epc:id:gdti",
          "option": [
            {
              "optionKey": "12",
              "pattern": "^urn:epc:id:gdti:([0-9]{12})\\.()\\.([0-9]{1,13})$",
              "grammar": "'urn:epc:id:gdti:' gs1companyprefix '.' doctype '.' serial",
              "field": [
                {
                  "seq": 1,
                  "decimalMinimum": "0",
                  "decimalMaximum": "999999999999",
                  "characterSet": "[0-9]*",
                  "length": 12,
                  "padChar": "0",
                  "padDir": "LEFT",
                  "name": "gs1companyprefix"
                },
                {
                  "seq": 2,
                  "decimalMinimum": "0",
                  "decimalMaximum": "0",
                  "characterSet": "[0-9]*",
                  "length": 0,
                  "padChar": "0",
                  "padDir": "LEFT",
                  "name": "doctype"
                },
                {
                  "seq": 3,
                  "decimalMinimum": "0",
                  "decimalMaximum": "2199023255551",
                  "characterSet": "[0-9]*",
                  "name": "serial"
                }
              ]
            },
            {
              "optionKey": "11",
              "pattern": "^urn:epc:id:gdti:([0-9]{11})\\.([0-9]{1})\\.([0-9]{1,13})$",
              "grammar": "'urn:epc:id:gdti:' gs1companyprefix '.' doctype '.' serial",
              "field": [
                {
                  "seq": 1,
                  "decimalMinimum": "0",
                  "decimalMaximum": "99999999999",
                  "characterSet": "[0-9]*",
                  "length": 11,
                  "padChar": "0",
                  "padDir": "LEFT",
                  "name": "gs1companyprefix"
                },
                {
                  "seq": 2,
                  "decimalMinimum": "0",
                  "decimalMaximum": "9",
                  "characterSet": "[0-9]*",
                  "length": 1,
                  "padChar": "0",
                  "padDir": "LEFT",
                  "name": "doctype"
                },
                {
                  "seq": 3,
                  "decimalMinimum": "0",
                  "decimalMaximum": "2199023255551",
                  "characterSet": "[0-9]*",
                  "name": "serial"
                }
              ]
            },
            {
              "optionKey": "10",
              "pattern": "^urn:epc:id:gdti:([0-9]{10})\\.([0-9]{2})\\.([0-9]{1,13})$",
              "grammar": "'urn:epc:id:gdti:' gs1companyprefix '.' doctype '.' serial",
              "field": [
                {
                  "seq": 1,
                  "decimalMinimum": "0",
                  "decimalMaximum": "9999999999",
                  "characterSet": "[0-9]*",
                  "length": 10,
                  "padChar": "0",
                  "padDir": "LEFT",
                  "name": "gs1companyprefix"
                },
                {
                  "seq": 2,
                  "decimalMinimum": "0",
                  "decimalMaximum": "99",
                  "characterSet": "[0-9]*",
                  "length": 2,
                  "padChar": "0",
                  "padDir": "LEFT",
                  "name": "doctype"
                },
                {
                  "seq": 3,
                  "decimalMinimum": "0",
                  "decimalMaximum": "2199023255551",
                  "characterSet": "[0-9]*",
                  "name": "serial"
                }
              ]
            },
            {
              "optionKey": "9",
              "pattern": "^urn:epc:id:gdti:([0-9]{9})\\.([0-9]{3})\\.([0-9]{1,13})$",
              "grammar": "'urn:epc:id:gdti:' gs1companyprefix '.' doctype '.' serial",
              "field": [
                {
                  "seq": 1,
                  "decimalMinimum": "0",
                  "decimalMaximum": "999999999",
                  "characterSet": "[0-9]*",
                  "length": 9,
                  "padChar": "0",
                  "padDir": "LEFT",
                  "name": "gs1companyprefix"
                },
                {
                  "seq": 2,
                  "decimalMinimum": "0",
                  "decimalMaximum": "999",
                  "characterSet": "[0-9]*",
                  "length": 3,
                  "padChar": "0",
                  "padDir": "LEFT",
                  "name": "doctype"
                },
                {
                  "seq": 3,
                  "decimalMinimum": "0",
                  "decimalMaximum": "2199023255551",
                  "characterSet": "[0-9]*",
                  "name": "serial"
                }
              ]
            },
            {
              "optionKey": "8",
              "pattern": "^urn:epc:id:gdti:([0-9]{8})\\.([0-9]{4})\\.([0-9]{1,13})$",
              "grammar": "'urn:epc:id:gdti:' gs1companyprefix '.' doctype '.' serial",
              "field": [
                {
                  "seq": 1,
                  "decimalMinimum": "0",
                  "decimalMaximum": "99999999",
                  "characterSet": "[0-9]*",
                  "length": 8,
                  "padChar": "0",
                  "padDir": "LEFT",
                  "name": "gs1companyprefix"
                },
                {
                  "seq": 2,
                  "decimalMinimum": "0",
                  "decimalMaximum": "9999",
                  "characterSet": "[0-9]*",
                  "length": 4,
                  "padChar": "0",
                  "padDir": "LEFT",
                  "name": "doctype"
                },
                {
                  "seq": 3,
                  "decimalMinimum": "0",
                  "decimalMaximum": "2199023255551",
                  "characterSet": "[0-9]*",
                  "name": "serial"
                }
              ]
            },
            {
              "optionKey": "7",
              "pattern": "^urn:epc:id:gdti:([0-9]{7})\\.([0-9]{5})\\.([0-9]{1,13})$",
              "grammar": "'urn:epc:id:gdti:' gs1companyprefix '.' doctype '.' serial",
              "field": [
                {
                  "seq": 1,
                  "decimalMinimum": "0",
                  "decimalMaximum": "9999999",
                  "characterSet": "[0-9]*",
                  "length": 7,
                  "padChar": "0",
                  "padDir": "LEFT",
                  "name": "gs1companyprefix"
                },
                {
                  "seq": 2,
                  "decimalMinimum": "0",
                  "decimalMaximum": "99999",
                  "characterSet": "[0-9]*",
                  "length": 5,
                  "padChar": "0",
                  "padDir": "LEFT",
                  "name": "doctype"
                },
                {
                  "seq": 3,
                  "decimalMinimum": "0",
                  "decimalMaximum": "2199023255551",
                  "characterSet": "[0-9]*",
                  "name": "serial"
                }
              ]
            },
            {
              "optionKey": "6",
              "pattern": "^urn:epc:id:gdti:([0-9]{6})\\.([0-9]{6})\\.([0-9]{1,13})$",
              "grammar": "'urn:epc:id:gdti:' gs1companyprefix '.' doctype '.' serial",
              "field": [
                {
                  "seq": 1,
                  "decimalMinimum": "0",
                  "decimalMaximum": "999999",
                  "characterSet": "[0-9]*",
                  "length": 6,
                  "padChar": "0",
                  "padDir": "LEFT",
                  "name": "gs1companyprefix"
                },
                {
                  "seq": 2,
                  "decimalMinimum": "0",
                  "decimalMaximum": "999999",
                  "characterSet": "[0-9]*",
                  "length": 6,
                  "padChar": "0",
                  "padDir": "LEFT",
                  "name": "doctype"
                },
                {
                  "seq": 3,
                  "decimalMinimum": "0",
                  "decimalMaximum": "2199023255551",
                  "characterSet": "[0-9]*",
                  "name": "serial"
                }
              ]
            }
          ]
        },
        {
          "type": "BARE_IDENTIFIER",
          "prefixMatch": "gdti=",
          "requiredParsingParameters": "gs1companyprefixlength",
          "option": [
            {
              "optionKey": "12",
              "pattern": "^gdti=([0-9]{13})([0-9]{1,13})$",
              "grammar": "'gdti=' gs1companyprefix doctype checkdigit serial",
              "field": [
                {
                  "seq": 1,
                  "decimalMinimum": "0",
                  "decimalMaximum": "9999999999999",
                  "characterSet": "[0-9]*",
                  "length": 13,
                  "padChar": "0",
                  "padDir": "LEFT",
                  "name": "gdtiprefix",
                  "gcpOffset": 0
                },
                {
                  "seq": 2,
                  "decimalMinimum": "0",
                  "decimalMaximum": "2199023255551",
                  "characterSet": "[0-9]*",
                  "name": "serial"
                }
              ]
            },
            {
              "optionKey": "11",
              "pattern": "^gdti=([0-9]{13})([0-9]{1,13})$",
              "grammar": "'gdti=' gs1companyprefix doctype checkdigit serial",
              "field": [
                {
                  "seq": 1,
                  "decimalMinimum": "0",
                  "decimalMaximum": "9999999999999",
                  "characterSet": "[0-9]*",
                  "length": 13,
                  "padChar": "0",
                  "padDir": "LEFT",
                  "name": "gdtiprefix",
                  "gcpOffset": 0
                },
                {
                  "seq": 2,
                  "decimalMinimum": "0",
                  "decimalMaximum": "2199023255551",
                  "characterSet": "[0-9]*",
                  "name": "serial"
                }
              ]
            },
            {
              "optionKey": "10",
              "pattern": "^gdti=([0-9]{13})([0-9]{1,13})$",
              "grammar": "'gdti=' gs1companyprefix doctype checkdigit serial",
              "field": [
                {
                  "seq": 1,
                  "decimalMinimum": "0",
                  "decimalMaximum": "9999999999999",
                  "characterSet": "[0-9]*",
                  "length": 13,
                  "padChar": "0",
                  "padDir": "LEFT",
                  "name": "gdtiprefix",
                  "gcpOffset": 0
                },
                {
                  "seq": 2,
                  "decimalMinimum": "0",
                  "decimalMaximum": "2199023255551",
                  "characterSet": "[0-9]*",
                  "name": "serial"
                }
              ]
            },
            {
              "optionKey": "9",
              "pattern": "^gdti=([0-9]{13})([0-9]{1,13})$",
              "grammar": "'gdti=' gs1companyprefix doctype checkdigit serial",
              "field": [
                {
                  "seq": 1,
                  "decimalMinimum": "0",
                  "decimalMaximum": "9999999999999",
                  "characterSet": "[0-9]*",
                  "length": 13,
                  "padChar": "0",
                  "padDir": "LEFT",
                  "name": "gdtiprefix",
                  "gcpOffset": 0
                },
                {
                  "seq": 2,
                  "decimalMinimum": "0",
                  "decimalMaximum": "2199023255551",
                  "characterSet": "[0-9]*",
                  "name": "serial"
                }
              ]
            },
            {
              "optionKey": "8",
              "pattern": "^gdti=([0-9]{13})([0-9]{1,13})$",
              "grammar": "'gdti=' gs1companyprefix doctype checkdigit serial",
              "field": [
                {
                  "seq": 1,
                  "decimalMinimum": "0",
                  "decimalMaximum": "9999999999999",
                  "characterSet": "[0-9]*",
                  "length": 13,
                  "padChar": "0",
                  "padDir": "LEFT",
                  "name": "gdtiprefix",
                  "gcpOffset": 0
                },
                {
                  "seq": 2,
                  "decimalMinimum": "0",
                  "decimalMaximum": "2199023255551",
                  "characterSet": "[0-9]*",
                  "name": "serial"
                }
              ]
            },
            {
              "optionKey": "7",
              "pattern": "^gdti=([0-9]{13})([0-9]{1,13})$",
              "grammar": "'gdti=' gs1companyprefix doctype checkdigit serial",
              "field": [
                {
                  "seq": 1,
                  "decimalMinimum": "0",
                  "decimalMaximum": "9999999999999",
                  "characterSet": "[0-9]*",
                  "length": 13,
                  "padChar": "0",
                  "padDir": "LEFT",
                  "name": "gdtiprefix",
                  "gcpOffset": 0
                },
                {
                  "seq": 2,
                  "decimalMinimum": "0",
                  "decimalMaximum": "2199023255551",
                  "characterSet": "[0-9]*",
                  "name": "serial"
                }
              ]
            },
            {
              "optionKey": "6",
              "pattern": "^gdti=([0-9]{13})([0-9]{1,13})$",
              "grammar": "'gdti=' gs1companyprefix doctype checkdigit serial",
              "field": [
                {
                  "seq": 1,
                  "decimalMinimum": "0",
                  "decimalMaximum": "9999999999999",
                  "characterSet": "[0-9]*",
                  "length": 13,
                  "padChar": "0",
                  "padDir": "LEFT",
                  "name": "gdtiprefix",
                  "gcpOffset": 0
                },
                {
                  "seq": 2,
                  "decimalMinimum": "0",
                  "decimalMaximum": "2199023255551",
                  "characterSet": "[0-9]*",
                  "name": "serial"
                }
              ]
            }
          ],
          "rule": [
            {
              "type": "EXTRACT",
              "inputFormat": "STRING",
              "seq": 1,
              "newFieldName": "gdtibody",
              "characterSet": "[0-9]*",
              "function": "SUBSTR(gdtiprefix,0,12)"
            },
            {
              "type": "EXTRACT",
              "inputFormat": "STRING",
              "seq": 2,
              "newFieldName": "doctype",
              "characterSet": "[0-9]*",
              "function": "SUBSTR(gdtibody,gs1companyprefixlength)"
            },
            {
              "type": "EXTRACT",
              "inputFormat": "STRING",
              "seq": 3,
              "newFieldName": "gs1companyprefix",
              "characterSet": "[0-9]*",
              "function": "SUBSTR(gdtibody,0,gs1companyprefixlength)"
            },
            {
              "type": "FORMAT",
              "inputFormat": "STRING",
              "seq": 1,
              "newFieldName": "gdtibody",
              "characterSet": "[0-9]*",
              "length": 12,
              "function": "CONCAT(gs1companyprefix,doctype)"
            },
            {
              "type": "FORMAT",
              "inputFormat": "STRING",
              "seq": 2,
              "newFieldName": "checkdigit",
              "characterSet": "[0-9]*",
              "length": 1,
              "function": "GS1CHECKSUM(gdtibody)"
            }
          ]
        },
        {
          "type": "GS1_AI_JSON",
          "prefixMatch": "{",
          "requiredParsingParameters": "gs1companyprefixlength",
          "option": [
            {
              "optionKey": "12",
              "pattern": "^\\{\\s*\"253\"\\s*:\\s*\"([0-9]{13})([0-9]{1,13})\"",
              "grammar": "'{\"253\":\"' gs1companyprefix doctype checkdigit serial '\"}'",
              "aiSequence": [
                "253"
              ],
              "field": [
                {
                  "seq": 1,
                  "decimalMinimum": "0",
                  "decimalMaximum": "9999999999999",
                  "characterSet": "[0-9]*",
                  "length": 13,
                  "padChar": "0",
                  "padDir": "LEFT",
                  "name": "gdtiprefix",
                  "gcpOffset": 0
                },
                {
                  "seq": 2,
                  "decimalMinimum": "0",
                  "decimalMaximum": "2199023255551",
                  "characterSet": "[0-9]*",
                  "name": "serial"
                }
              ]
            },
            {
              "optionKey": "11",
              "pattern": "^\\{\\s*\"253\"\\s*:\\s*\"([0-9]{13})([0-9]{1,13})\"",
              "grammar": "'{\"253\":\"' gs1companyprefix doctype checkdigit serial '\"}'",
              "aiSequence": [
                "253"
              ],
              "field": [
                {
                  "seq": 1,
                  "decimalMinimum": "0",
                  "decimalMaximum": "9999999999999",
                  "characterSet": "[0-9]*",
                  "length": 13,
                  "padChar": "0",
                  "padDir": "LEFT",
                  "name": "gdtiprefix",
                  "gcpOffset": 0
                },
                {
                  "seq": 2,
                  "decimalMinimum": "0",
                  "decimalMaximum": "2199023255551",
                  "characterSet": "[0-9]*",
                  "name": "serial"
                }
              ]
            },
            {
              "optionKey": "10",
              "pattern": "^\\{\\s*\"253\"\\s*:\\s*\"([0-9]{13})([0-9]{1,13})\"",
              "grammar": "'{\"253\":\"' gs1companyprefix doctype checkdigit serial '\"}'",
              "aiSequence": [
                "253"
              ],
              "field": [
                {
                  "seq": 1,
                  "decimalMinimum": "0",
                  "decimalMaximum": "9999999999999",
                  "characterSet": "[0-9]*",
                  "length": 13,
                  "padChar": "0",
                  "padDir": "LEFT",
                  "name": "gdtiprefix",
                  "gcpOffset": 0
                },
                {
                  "seq": 2,
                  "decimalMinimum": "0",
                  "decimalMaximum": "2199023255551",
                  "characterSet": "[0-9]*",
                  "name": "serial"
                }
              ]
            },
            {
              "optionKey": "9",
              "pattern": "^\\{\\s*\"253\"\\s*:\\s*\"([0-9]{13})([0-9]{1,13})\"",
              "grammar": "'{\"253\":\"' gs1companyprefix doctype checkdigit serial '\"}'",
              "aiSequence": [
                "253"
              ],
              "field": [
                {
                  "seq": 1,
                  "decimalMinimum": "0",
                  "decimalMaximum": "9999999999999",
                  "characterSet": "[0-9]*",
                  "length": 13,
                  "padChar": "0",
                  "padDir": "LEFT",
                  "name": "gdtiprefix",
                  "gcpOffset": 0
                },
                {
                  "seq": 2,
                  "decimalMinimum": "0",
                  "decimalMaximum": "2199023255551",
                  "characterSet": "[0-9]*",
                  "name": "serial"
                }
              ]
            },
            {
              "optionKey": "8",
              "pattern": "^\\{\\s*\"253\"\\s*:\\s*\"([0-9]{13})([0-9]{1,13})\"",
              "grammar": "'{\"253\":\"' gs1companyprefix doctype checkdigit serial '\"}'",
              "aiSequence": [
                "253"
              ],
              "field": [
                {
                  "seq": 1,
                  "decimalMinimum": "0",
                  "decimalMaximum": "9999999999999",
                  "characterSet": "[0-9]*",
                  "length": 13,
                  "padChar": "0",
                  "padDir": "LEFT",
                  "name": "gdtiprefix",
                  "gcpOffset": 0
                },
                {
                  "seq": 2,
                  "decimalMinimum": "0",
                  "decimalMaximum": "2199023255551",
                  "characterSet": "[0-9]*",
                  "name": "serial"
                }
              ]
            },
            {
              "optionKey": "7",
              "pattern": "^\\{\\s*\"253\"\\s*:\\s*\"([0-9]{13})([0-9]{1,13})\"",
              "grammar": "'{\"253\":\"' gs1companyprefix doctype checkdigit serial '\"}'",
              "aiSequence": [
                "253"
              ],
              "field": [
                {
                  "seq": 1,
                  "decimalMinimum": "0",
                  "decimalMaximum": "9999999999999",
                  "characterSet": "[0-9]*",
                  "length": 13,
                  "padChar": "0",
                  "padDir": "LEFT",
                  "name": "gdtiprefix",
                  "gcpOffset": 0
                },
                {
                  "seq": 2,
                  "decimalMinimum": "0",
                  "decimalMaximum": "2199023255551",
                  "characterSet": "[0-9]*",
                  "name": "serial"
                }
              ]
            },
            {
              "optionKey": "6",
              "pattern": "^\\{\\s*\"253\"\\s*:\\s*\"([0-9]{13})([0-9]{1,13})\"",
              "grammar": "'{\"253\":\"' gs1companyprefix doctype checkdigit serial '\"}'",
              "aiSequence": [
                "253"
              ],
              "field": [
                {
                  "seq": 1,
                  "decimalMinimum": "0",
                  "decimalMaximum": "9999999999999",
                  "characterSet": "[0-9]*",
                  "length": 13,
                  "padChar": "0",
                  "padDir": "LEFT",
                  "name": "gdtiprefix",
                  "gcpOffset": 0
                },
                {
                  "seq": 2,
                  "decimalMinimum": "0",
                  "decimalMaximum": "2199023255551",
                  "characterSet": "[0-9]*",
                  "name": "serial"
                }
              ]
            }
          ],
          "rule": [
            {
              "type": "EXTRACT",
              "inputFormat": "STRING",
              "seq": 1,
              "newFieldName": "gdtibody",
              "characterSet": "[0-9]*",
              "function": "SUBSTR(gdtiprefix,0,12)"
            },
            {
              "type": "EXTRACT",
              "inputFormat": "STRING",
              "seq": 2,
              "newFieldName": "doctype",
              "characterSet": "[0-9]*",
              "function": "SUBSTR(gdtibody,gs1companyprefixlength)"
            },
            {
              "type": "EXTRACT",
              "inputFormat": "STRING",
              "seq": 3,
              "newFieldName": "gs1companyprefix",
              "characterSet": "[0-9]*",
              "function": "SUBSTR(gdtibody,0,gs1companyprefixlength)"
            },
            {
              "type": "FORMAT",
              "inputFormat": "STRING",
              "seq": 1,
              "newFieldName": "gdtibody",
              "characterSet": "[0-9]*",
              "length": 12,
              "function": "CONCAT(gs1companyprefix,doctype)"
            },
            {
              "type": "FORMAT",
              "inputFormat": "STRING",
              "seq": 2,
              "newFieldName": "checkdigit",
              "characterSet": "[0-9]*",
              "length": 1,
              "function": "GS1CHECKSUM(gdtibody)"
            }
          ]
        },
        {
          "type": "GS1_DIGITAL_LINK",
          "prefixMatch": "http",
          "requiredFormattingParameters": "uriStem",
          "requiredParsingParameters": "gs1companyprefixlength",
          "option": [
            {
              "optionKey": "12",
              "pattern": "\\/253\\/([0-9]{13})([0-9]{1,13})(?:\\?|$)",
              "grammar": "uriStem '/253/' gs1companyprefix doctype checkdigit serial",
              "field": [
                {
                  "seq": 1,
                  "decimalMinimum": "0",
                  "decimalMaximum": "9999999999999",
                  "characterSet": "[0-9]*",
                  "length": 13,
                  "padChar": "0",
                  "padDir": "LEFT",
                  "name": "gdtiprefix",
                  "gcpOffset": 0
                },
                {
                  "seq": 2,
                  "decimalMinimum": "0",
                  "decimalMaximum": "2199023255551",
                  "characterSet": "[0-9]*",
                  "name": "serial"
                }
              ],
              "aiSequence": [
                "253"
              ]
            },
            {
              "optionKey": "11",
              "pattern": "\\/253\\/([0-9]{13})([0-9]{1,13})(?:\\?|$)",
              "grammar": "uriStem '/253/' gs1companyprefix doctype checkdigit serial",
              "field": [
                {
                  "seq": 1,
                  "decimalMinimum": "0",
                  "decimalMaximum": "9999999999999",
                  "characterSet": "[0-9]*",
                  "length": 13,
                  "padChar": "0",
                  "padDir": "LEFT",
                  "name": "gdtiprefix",
                  "gcpOffset": 0
                },
                {
                  "seq": 2,
                  "decimalMinimum": "0",
                  "decimalMaximum": "2199023255551",
                  "characterSet": "[0-9]*",
                  "name": "serial"
                }
              ],
              "aiSequence": [
                "253"
              ]
            },
            {
              "optionKey": "10",
              "pattern": "\\/253\\/([0-9]{13})([0-9]{1,13})(?:\\?|$)",
              "grammar": "uriStem '/253/' gs1companyprefix doctype checkdigit serial",
              "field": [
                {
                  "seq": 1,
                  "decimalMinimum": "0",
                  "decimalMaximum": "9999999999999",
                  "characterSet": "[0-9]*",
                  "length": 13,
                  "padChar": "0",
                  "padDir": "LEFT",
                  "name": "gdtiprefix",
                  "gcpOffset": 0
                },
                {
                  "seq": 2,
                  "decimalMinimum": "0",
                  "decimalMaximum": "2199023255551",
                  "characterSet": "[0-9]*",
                  "name": "serial"
                }
              ],
              "aiSequence": [
                "253"
              ]
            },
            {
              "optionKey": "9",
              "pattern": "\\/253\\/([0-9]{13})([0-9]{1,13})(?:\\?|$)",
              "grammar": "uriStem '/253/' gs1companyprefix doctype checkdigit serial",
              "field": [
                {
                  "seq": 1,
                  "decimalMinimum": "0",
                  "decimalMaximum": "9999999999999",
                  "characterSet": "[0-9]*",
                  "length": 13,
                  "padChar": "0",
                  "padDir": "LEFT",
                  "name": "gdtiprefix",
                  "gcpOffset": 0
                },
                {
                  "seq": 2,
                  "decimalMinimum": "0",
                  "decimalMaximum": "2199023255551",
                  "characterSet": "[0-9]*",
                  "name": "serial"
                }
              ],
              "aiSequence": [
                "253"
              ]
            },
            {
              "optionKey": "8",
              "pattern": "\\/253\\/([0-9]{13})([0-9]{1,13})(?:\\?|$)",
              "grammar": "uriStem '/253/' gs1companyprefix doctype checkdigit serial",
              "field": [
                {
                  "seq": 1,
                  "decimalMinimum": "0",
                  "decimalMaximum": "9999999999999",
                  "characterSet": "[0-9]*",
                  "length": 13,
                  "padChar": "0",
                  "padDir": "LEFT",
                  "name": "gdtiprefix",
                  "gcpOffset": 0
                },
                {
                  "seq": 2,
                  "decimalMinimum": "0",
                  "decimalMaximum": "2199023255551",
                  "characterSet": "[0-9]*",
                  "name": "serial"
                }
              ],
              "aiSequence": [
                "253"
              ]
            },
            {
              "optionKey": "7",
              "pattern": "\\/253\\/([0-9]{13})([0-9]{1,13})(?:\\?|$)",
              "grammar": "uriStem '/253/' gs1companyprefix doctype checkdigit serial",
              "field": [
                {
                  "seq": 1,
                  "decimalMinimum": "0",
                  "decimalMaximum": "9999999999999",
                  "characterSet": "[0-9]*",
                  "length": 13,
                  "padChar": "0",
                  "padDir": "LEFT",
                  "name": "gdtiprefix",
                  "gcpOffset": 0
                },
                {
                  "seq": 2,
                  "decimalMinimum": "0",
                  "decimalMaximum": "2199023255551",
                  "characterSet": "[0-9]*",
                  "name": "serial"
                }
              ],
              "aiSequence": [
                "253"
              ]
            },
            {
              "optionKey": "6",
              "pattern": "\\/253\\/([0-9]{13})([0-9]{1,13})(?:\\?|$)",
              "grammar": "uriStem '/253/' gs1companyprefix doctype checkdigit serial",
              "field": [
                {
                  "seq": 1,
                  "decimalMinimum": "0",
                  "decimalMaximum": "9999999999999",
                  "characterSet": "[0-9]*",
                  "length": 13,
                  "padChar": "0",
                  "padDir": "LEFT",
                  "name": "gdtiprefix",
                  "gcpOffset": 0
                },
                {
                  "seq": 2,
                  "decimalMinimum": "0",
                  "decimalMaximum": "2199023255551",
                  "characterSet": "[0-9]*",
                  "name": "serial"
                }
              ],
              "aiSequence": [
                "253"
              ]
            }
          ],
          "rule": [
            {
              "type": "EXTRACT",
              "inputFormat": "STRING",
              "seq": 1,
              "newFieldName": "gdtibody",
              "characterSet": "[0-9]*",
              "function": "SUBSTR(gdtiprefix,0,12)"
            },
            {
              "type": "EXTRACT",
              "inputFormat": "STRING",
              "seq": 2,
              "newFieldName": "doctype",
              "characterSet": "[0-9]*",
              "function": "SUBSTR(gdtibody,gs1companyprefixlength)"
            },
            {
              "type": "EXTRACT",
              "inputFormat": "STRING",
              "seq": 3,
              "newFieldName": "gs1companyprefix",
              "characterSet": "[0-9]*",
              "function": "SUBSTR(gdtibody,0,gs1companyprefixlength)"
            },
            {
              "type": "FORMAT",
              "inputFormat": "STRING",
              "seq": 1,
              "newFieldName": "gdtibody",
              "characterSet": "[0-9]*",
              "length": 12,
              "function": "CONCAT(gs1companyprefix,doctype)"
            },
            {
              "type": "FORMAT",
              "inputFormat": "STRING",
              "seq": 2,
              "newFieldName": "checkdigit",
              "characterSet": "[0-9]*",
              "length": 1,
              "function": "GS1CHECKSUM(gdtibody)"
            }
          ],
          "gs1DigitalLinkKeyQualifiers": []
        }
      ]
    }
  }
}