{
  "tdt:epcTagDataTranslation": {
    "version": "2.2",
    "date": "2024-11-18T16:30:00Z",
    "epcTDSVersion": "2.2",
    "scheme": {
      "name": "GRAI-96",
      "optionKey": "gs1companyprefixlength",
      "tagLength": 96,
      "level": [
        {
          "type": "BINARY",
          "prefixMatch": "00110011",
          "requiredFormattingParameters": "filter,tagLength",
          "option": [
            {
              "optionKey": "12",
              "pattern": "^00110011([01]{3})000([01]{40})([01]{4})([01]{38})",
              "grammar": "'00110011' filter '000' gs1companyprefix assettype serial",
              "field": [
                {
                  "seq": 1,
                  "decimalMinimum": "0",
                  "decimalMaximum": "7",
                  "characterSet": "[01]*",
                  "bitPadDir": "LEFT",
                  "bitLength": 3,
                  "name": "filter",
                  "length": 1
                },
                {
                  "seq": 2,
                  "decimalMinimum": "0",
                  "decimalMaximum": "999999999999",
                  "characterSet": "[01]*",
                  "bitPadDir": "LEFT",
                  "bitLength": 40,
                  "name": "gs1companyprefix",
                  "length": 12
                },
                {
                  "seq": 3,
                  "decimalMinimum": "0",
                  "decimalMaximum": "0",
                  "characterSet": "[01]*",
                  "bitPadDir": "LEFT",
                  "bitLength": 4,
                  "name": "assettype",
                  "length": 0
                },
                {
                  "seq": 4,
                  "decimalMinimum": "0",
                  "decimalMaximum": "274877906943",
                  "characterSet": "[01]*",
                  "bitPadDir": "LEFT",
                  "bitLength": 38,
                  "name": "serial"
                }
              ]
            },
            {
              "optionKey": "11",
              "pattern": "^00110011([01]{3})001([01]{37})([01]{7})([01]{38})",
              "grammar": "'00110011' filter '001' gs1companyprefix assettype serial",
              "field": [
                {
                  "seq": 1,
                  "decimalMinimum": "0",
                  "decimalMaximum": "7",
                  "characterSet": "[01]*",
                  "bitPadDir": "LEFT",
                  "bitLength": 3,
                  "name": "filter",
                  "length": 1
                },
                {
                  "seq": 2,
                  "decimalMinimum": "0",
                  "decimalMaximum": "99999999999",
                  "characterSet": "[01]*",
                  "bitPadDir": "LEFT",
                  "bitLength": 37,
                  "name": "gs1companyprefix",
                  "length": 11
                },
                {
                  "seq": 3,
                  "decimalMinimum": "0",
                  "decimalMaximum": "9",
                  "characterSet": "[01]*",
                  "bitPadDir": "LEFT",
                  "bitLength": 7,
                  "name": "assettype",
                  "length": 1
                },
                {
                  "seq": 4,
                  "decimalMinimum": "0",
                  "decimalMaximum": "274877906943",
                  "characterSet": "[01]*",
                  "bitPadDir": "LEFT",
                  "bitLength": 38,
                  "name": "serial"
                }
              ]
            },
            {
              "optionKey": "10",
              "pattern": "^00110011([01]{3})010([01]{34})([01]{10})([01]{38})",
              "grammar": "'00110011' filter '010' gs1companyprefix assettype serial",
              "field": [
                {
                  "seq": 1,
                  "decimalMinimum": "0",
                  "decimalMaximum": "7",
                  "characterSet": "[01]*",
                  "bitPadDir": "LEFT",
                  "bitLength": 3,
                  "name": "filter",
                  "length": 1
                },
                {
                  "seq": 2,
                  "decimalMinimum": "0",
                  "decimalMaximum": "9999999999",
                  "characterSet": "[01]*",
                  "bitPadDir": "LEFT",
                  "bitLength": 34,
                  "name": "gs1companyprefix",
                  "length": 10
                },
                {
                  "seq": 3,
                  "decimalMinimum": "0",
                  "decimalMaximum": "99",
                  "characterSet": "[01]*",
                  "bitPadDir": "LEFT",
                  "bitLength": 10,
                  "name": "assettype",
                  "length": 2
                },
                {
                  "seq": 4,
                  "decimalMinimum": "0",
                  "decimalMaximum": "274877906943",
                  "characterSet": "[01]*",
                  "bitPadDir": "LEFT",
                  "bitLength": 38,
                  "name": "serial"
                }
              ]
            },
            {
              "optionKey": "9",
              "pattern": "^00110011([01]{3})011([01]{30})([01]{14})([01]{38})",
              "grammar": "'00110011' filter '011' gs1companyprefix assettype serial",
              "field": [
                {
                  "seq": 1,
                  "decimalMinimum": "0",
                  "decimalMaximum": "7",
                  "characterSet": "[01]*",
                  "bitPadDir": "LEFT",
                  "bitLength": 3,
                  "name": "filter",
                  "length": 1
                },
                {
                  "seq": 2,
                  "decimalMinimum": "0",
                  "decimalMaximum": "999999999",
                  "characterSet": "[01]*",
                  "bitPadDir": "LEFT",
                  "bitLength": 30,
                  "name": "gs1companyprefix",
                  "length": 9
                },
                {
                  "seq": 3,
                  "decimalMinimum": "0",
                  "decimalMaximum": "999",
                  "characterSet": "[01]*",
                  "bitPadDir": "LEFT",
                  "bitLength": 14,
                  "name": "assettype",
                  "length": 3
                },
                {
                  "seq": 4,
                  "decimalMinimum": "0",
                  "decimalMaximum": "274877906943",
                  "characterSet": "[01]*",
                  "bitPadDir": "LEFT",
                  "bitLength": 38,
                  "name": "serial"
                }
              ]
            },
            {
              "optionKey": "8",
              "pattern": "^00110011([01]{3})100([01]{27})([01]{17})([01]{38})",
              "grammar": "'00110011' filter '100' gs1companyprefix assettype serial",
              "field": [
                {
                  "seq": 1,
                  "decimalMinimum": "0",
                  "decimalMaximum": "7",
                  "characterSet": "[01]*",
                  "bitPadDir": "LEFT",
                  "bitLength": 3,
                  "name": "filter",
                  "length": 1
                },
                {
                  "seq": 2,
                  "decimalMinimum": "0",
                  "decimalMaximum": "99999999",
                  "characterSet": "[01]*",
                  "bitPadDir": "LEFT",
                  "bitLength": 27,
                  "name": "gs1companyprefix",
                  "length": 8
                },
                {
                  "seq": 3,
                  "decimalMinimum": "0",
                  "decimalMaximum": "9999",
                  "characterSet": "[01]*",
                  "bitPadDir": "LEFT",
                  "bitLength": 17,
                  "name": "assettype",
                  "length": 4
                },
                {
                  "seq": 4,
                  "decimalMinimum": "0",
                  "decimalMaximum": "274877906943",
                  "characterSet": "[01]*",
                  "bitPadDir": "LEFT",
                  "bitLength": 38,
                  "name": "serial"
                }
              ]
            },
            {
              "optionKey": "7",
              "pattern": "^00110011([01]{3})101([01]{24})([01]{20})([01]{38})",
              "grammar": "'00110011' filter '101' gs1companyprefix assettype serial",
              "field": [
                {
                  "seq": 1,
                  "decimalMinimum": "0",
                  "decimalMaximum": "7",
                  "characterSet": "[01]*",
                  "bitPadDir": "LEFT",
                  "bitLength": 3,
                  "name": "filter",
                  "length": 1
                },
                {
                  "seq": 2,
                  "decimalMinimum": "0",
                  "decimalMaximum": "9999999",
                  "characterSet": "[01]*",
                  "bitPadDir": "LEFT",
                  "bitLength": 24,
                  "name": "gs1companyprefix",
                  "length": 7
                },
                {
                  "seq": 3,
                  "decimalMinimum": "0",
                  "decimalMaximum": "99999",
                  "characterSet": "[01]*",
                  "bitPadDir": "LEFT",
                  "bitLength": 20,
                  "name": "assettype",
                  "length": 5
                },
                {
                  "seq": 4,
                  "decimalMinimum": "0",
                  "decimalMaximum": "274877906943",
                  "characterSet": "[01]*",
                  "bitPadDir": "LEFT",
                  "bitLength": 38,
                  "name": "serial"
                }
              ]
            },
            {
              "optionKey": "6",
              "pattern": "^00110011([01]{3})110([01]{20})([01]{24})([01]{38})",
              "grammar": "'00110011' filter '110' gs1companyprefix assettype serial",
              "field": [
                {
                  "seq": 1,
                  "decimalMinimum": "0",
                  "decimalMaximum": "7",
                  "characterSet": "[01]*",
                  "bitPadDir": "LEFT",
                  "bitLength": 3,
                  "name": "filter",
                  "length": 1
                },
                {
                  "seq": 2,
                  "decimalMinimum": "0",
                  "decimalMaximum": "999999",
                  "characterSet": "[01]*",
                  "bitPadDir": "LEFT",
                  "bitLength": 20,
                  "name": "gs1companyprefix",
                  "length": 6
                },
                {
                  "seq": 3,
                  "decimalMinimum": "0",
                  "decimalMaximum": "999999",
                  "characterSet": "[01]*",
                  "bitPadDir": "LEFT",
                  "bitLength": 24,
                  "name": "assettype",
                  "length": 6
                },
                {
                  "seq": 4,
                  "decimalMinimum": "0",
                  "decimalMaximum": "274877906943",
                  "characterSet": "[01]*",
                  "bitPadDir": "LEFT",
                  "bitLength": 38,
                  "name": "serial"
                }
              ]
            }
          ]
        },
        {
          "type": "TAG_ENCODING",
          "prefixMatch": "urn:epc:tag:grai-96",
          "requiredFormattingParameters": "filter,tagLength",
          "option": [
            {
              "optionKey": "12",
              "pattern": "^urn:epc:tag:grai-96:([0-7]{1})\\.([0-9]{12})\\.([0-9]{0})\\.([0-9]{1,12})$",
              "grammar": "'urn:epc:tag:grai-96:' filter '.' gs1companyprefix '.' assettype '.' serial",
              "field": [
                {
                  "seq": 1,
                  "decimalMinimum": "0",
                  "decimalMaximum": "7",
                  "characterSet": "[0-7]*",
                  "length": 1,
                  "padChar": "0",
                  "padDir": "LEFT",
                  "name": "filter"
                },
                {
                  "seq": 2,
                  "decimalMinimum": "0",
                  "decimalMaximum": "999999999999",
                  "characterSet": "[0-9]*",
                  "length": 12,
                  "padChar": "0",
                  "padDir": "LEFT",
                  "name": "gs1companyprefix"
                },
                {
                  "seq": 3,
                  "decimalMinimum": "0",
                  "decimalMaximum": "0",
                  "characterSet": "[0-9]*",
                  "length": 0,
                  "padChar": "0",
                  "padDir": "LEFT",
                  "name": "assettype"
                },
                {
                  "seq": 4,
                  "decimalMinimum": "0",
                  "decimalMaximum": "274877906943",
                  "characterSet": "[0-9]*",
                  "name": "serial"
                }
              ]
            },
            {
              "optionKey": "11",
              "pattern": "^urn:epc:tag:grai-96:([0-7]{1})\\.([0-9]{11})\\.([0-9]{1})\\.([0-9]{1,12})$",
              "grammar": "'urn:epc:tag:grai-96:' filter '.' gs1companyprefix '.' assettype '.' serial",
              "field": [
                {
                  "seq": 1,
                  "decimalMinimum": "0",
                  "decimalMaximum": "7",
                  "characterSet": "[0-7]*",
                  "length": 1,
                  "padChar": "0",
                  "padDir": "LEFT",
                  "name": "filter"
                },
                {
                  "seq": 2,
                  "decimalMinimum": "0",
                  "decimalMaximum": "99999999999",
                  "characterSet": "[0-9]*",
                  "length": 11,
                  "padChar": "0",
                  "padDir": "LEFT",
                  "name": "gs1companyprefix"
                },
                {
                  "seq": 3,
                  "decimalMinimum": "0",
                  "decimalMaximum": "9",
                  "characterSet": "[0-9]*",
                  "length": 1,
                  "padChar": "0",
                  "padDir": "LEFT",
                  "name": "assettype"
                },
                {
                  "seq": 4,
                  "decimalMinimum": "0",
                  "decimalMaximum": "274877906943",
                  "characterSet": "[0-9]*",
                  "name": "serial"
                }
              ]
            },
            {
              "optionKey": "10",
              "pattern": "^urn:epc:tag:grai-96:([0-7]{1})\\.([0-9]{10})\\.([0-9]{2})\\.([0-9]{1,12})$",
              "grammar": "'urn:epc:tag:grai-96:' filter '.' gs1companyprefix '.' assettype '.' serial",
              "field": [
                {
                  "seq": 1,
                  "decimalMinimum": "0",
                  "decimalMaximum": "7",
                  "characterSet": "[0-7]*",
                  "length": 1,
                  "padChar": "0",
                  "padDir": "LEFT",
                  "name": "filter"
                },
                {
                  "seq": 2,
                  "decimalMinimum": "0",
                  "decimalMaximum": "9999999999",
                  "characterSet": "[0-9]*",
                  "length": 10,
                  "padChar": "0",
                  "padDir": "LEFT",
                  "name": "gs1companyprefix"
                },
                {
                  "seq": 3,
                  "decimalMinimum": "0",
                  "decimalMaximum": "99",
                  "characterSet": "[0-9]*",
                  "length": 2,
                  "padChar": "0",
                  "padDir": "LEFT",
                  "name": "assettype"
                },
                {
                  "seq": 4,
                  "decimalMinimum": "0",
                  "decimalMaximum": "274877906943",
                  "characterSet": "[0-9]*",
                  "name": "serial"
                }
              ]
            },
            {
              "optionKey": "9",
              "pattern": "^urn:epc:tag:grai-96:([0-7]{1})\\.([0-9]{9})\\.([0-9]{3})\\.([0-9]{1,12})$",
              "grammar": "'urn:epc:tag:grai-96:' filter '.' gs1companyprefix '.' assettype '.' serial",
              "field": [
                {
                  "seq": 1,
                  "decimalMinimum": "0",
                  "decimalMaximum": "7",
                  "characterSet": "[0-7]*",
                  "length": 1,
                  "padChar": "0",
                  "padDir": "LEFT",
                  "name": "filter"
                },
                {
                  "seq": 2,
                  "decimalMinimum": "0",
                  "decimalMaximum": "999999999",
                  "characterSet": "[0-9]*",
                  "length": 9,
                  "padChar": "0",
                  "padDir": "LEFT",
                  "name": "gs1companyprefix"
                },
                {
                  "seq": 3,
                  "decimalMinimum": "0",
                  "decimalMaximum": "999",
                  "characterSet": "[0-9]*",
                  "length": 3,
                  "padChar": "0",
                  "padDir": "LEFT",
                  "name": "assettype"
                },
                {
                  "seq": 4,
                  "decimalMinimum": "0",
                  "decimalMaximum": "274877906943",
                  "characterSet": "[0-9]*",
                  "name": "serial"
                }
              ]
            },
            {
              "optionKey": "8",
              "pattern": "^urn:epc:tag:grai-96:([0-7]{1})\\.([0-9]{8})\\.([0-9]{4})\\.([0-9]{1,12})$",
              "grammar": "'urn:epc:tag:grai-96:' filter '.' gs1companyprefix '.' assettype '.' serial",
              "field": [
                {
                  "seq": 1,
                  "decimalMinimum": "0",
                  "decimalMaximum": "7",
                  "characterSet": "[0-7]*",
                  "length": 1,
                  "padChar": "0",
                  "padDir": "LEFT",
                  "name": "filter"
                },
                {
                  "seq": 2,
                  "decimalMinimum": "0",
                  "decimalMaximum": "99999999",
                  "characterSet": "[0-9]*",
                  "length": 8,
                  "padChar": "0",
                  "padDir": "LEFT",
                  "name": "gs1companyprefix"
                },
                {
                  "seq": 3,
                  "decimalMinimum": "0",
                  "decimalMaximum": "9999",
                  "characterSet": "[0-9]*",
                  "length": 4,
                  "padChar": "0",
                  "padDir": "LEFT",
                  "name": "assettype"
                },
                {
                  "seq": 4,
                  "decimalMinimum": "0",
                  "decimalMaximum": "274877906943",
                  "characterSet": "[0-9]*",
                  "name": "serial"
                }
              ]
            },
            {
              "optionKey": "7",
              "pattern": "^urn:epc:tag:grai-96:([0-7]{1})\\.([0-9]{7})\\.([0-9]{5})\\.([0-9]{1,12})$",
              "grammar": "'urn:epc:tag:grai-96:' filter '.' gs1companyprefix '.' assettype '.' serial",
              "field": [
                {
                  "seq": 1,
                  "decimalMinimum": "0",
                  "decimalMaximum": "7",
                  "characterSet": "[0-7]*",
                  "length": 1,
                  "padChar": "0",
                  "padDir": "LEFT",
                  "name": "filter"
                },
                {
                  "seq": 2,
                  "decimalMinimum": "0",
                  "decimalMaximum": "9999999",
                  "characterSet": "[0-9]*",
                  "length": 7,
                  "padChar": "0",
                  "padDir": "LEFT",
                  "name": "gs1companyprefix"
                },
                {
                  "seq": 3,
                  "decimalMinimum": "0",
                  "decimalMaximum": "99999",
                  "characterSet": "[0-9]*",
                  "length": 5,
                  "padChar": "0",
                  "padDir": "LEFT",
                  "name": "assettype"
                },
                {
                  "seq": 4,
                  "decimalMinimum": "0",
                  "decimalMaximum": "274877906943",
                  "characterSet": "[0-9]*",
                  "name": "serial"
                }
              ]
            },
            {
              "optionKey": "6",
              "pattern": "^urn:epc:tag:grai-96:([0-7]{1})\\.([0-9]{6})\\.([0-9]{6})\\.([0-9]{1,12})$",
              "grammar": "'urn:epc:tag:grai-96:' filter '.' gs1companyprefix '.' assettype '.' serial",
              "field": [
                {
                  "seq": 1,
                  "decimalMinimum": "0",
                  "decimalMaximum": "7",
                  "characterSet": "[0-7]*",
                  "length": 1,
                  "padChar": "0",
                  "padDir": "LEFT",
                  "name": "filter"
                },
                {
                  "seq": 2,
                  "decimalMinimum": "0",
                  "decimalMaximum": "999999",
                  "characterSet": "[0-9]*",
                  "length": 6,
                  "padChar": "0",
                  "padDir": "LEFT",
                  "name": "gs1companyprefix"
                },
                {
                  "seq": 3,
                  "decimalMinimum": "0",
                  "decimalMaximum": "999999",
                  "characterSet": "[0-9]*",
                  "length": 6,
                  "padChar": "0",
                  "padDir": "LEFT",
                  "name": "assettype"
                },
                {
                  "seq": 4,
                  "decimalMinimum": "0",
                  "decimalMaximum": "274877906943",
                  "characterSet": "[0-9]*",
                  "name": "serial"
                }
              ]
            }
          ]
        },
        {
          "type": "PURE_IDENTITY",
          "prefixMatch": "urn:epc:id:grai",
          "option": [
            {
              "optionKey": "12",
              "pattern": "^urn:epc:id:grai:([0-9]{12})\\.([0-9]{0})\\.([0-9]{1,12})$",
              "grammar": "'urn:epc:id:grai:' gs1companyprefix '.' assettype '.' serial",
              "field": [
                {
                  "seq": 1,
                  "decimalMinimum": "0",
                  "decimalMaximum": "999999999999",
                  "characterSet": "[0-9]*",
                  "length": 12,
                  "padChar": "0",
                  "padDir": "LEFT",
                  "name": "gs1companyprefix"
                },
                {
                  "seq": 2,
                  "decimalMinimum": "0",
                  "decimalMaximum": "0",
                  "characterSet": "[0-9]*",
                  "length": 0,
                  "padChar": "0",
                  "padDir": "LEFT",
                  "name": "assettype"
                },
                {
                  "seq": 3,
                  "decimalMinimum": "0",
                  "decimalMaximum": "274877906943",
                  "characterSet": "[0-9]*",
                  "name": "serial"
                }
              ]
            },
            {
              "optionKey": "11",
              "pattern": "^urn:epc:id:grai:([0-9]{11})\\.([0-9]{1})\\.([0-9]{1,12})$",
              "grammar": "'urn:epc:id:grai:' gs1companyprefix '.' assettype '.' serial",
              "field": [
                {
                  "seq": 1,
                  "decimalMinimum": "0",
                  "decimalMaximum": "99999999999",
                  "characterSet": "[0-9]*",
                  "length": 11,
                  "padChar": "0",
                  "padDir": "LEFT",
                  "name": "gs1companyprefix"
                },
                {
                  "seq": 2,
                  "decimalMinimum": "0",
                  "decimalMaximum": "9",
                  "characterSet": "[0-9]*",
                  "length": 1,
                  "padChar": "0",
                  "padDir": "LEFT",
                  "name": "assettype"
                },
                {
                  "seq": 3,
                  "decimalMinimum": "0",
                  "decimalMaximum": "274877906943",
                  "characterSet": "[0-9]*",
                  "name": "serial"
                }
              ]
            },
            {
              "optionKey": "10",
              "pattern": "^urn:epc:id:grai:([0-9]{10})\\.([0-9]{2})\\.([0-9]{1,12})$",
              "grammar": "'urn:epc:id:grai:' gs1companyprefix '.' assettype '.' serial",
              "field": [
                {
                  "seq": 1,
                  "decimalMinimum": "0",
                  "decimalMaximum": "9999999999",
                  "characterSet": "[0-9]*",
                  "length": 10,
                  "padChar": "0",
                  "padDir": "LEFT",
                  "name": "gs1companyprefix"
                },
                {
                  "seq": 2,
                  "decimalMinimum": "0",
                  "decimalMaximum": "99",
                  "characterSet": "[0-9]*",
                  "length": 2,
                  "padChar": "0",
                  "padDir": "LEFT",
                  "name": "assettype"
                },
                {
                  "seq": 3,
                  "decimalMinimum": "0",
                  "decimalMaximum": "274877906943",
                  "characterSet": "[0-9]*",
                  "name": "serial"
                }
              ]
            },
            {
              "optionKey": "9",
              "pattern": "^urn:epc:id:grai:([0-9]{9})\\.([0-9]{3})\\.([0-9]{1,12})$",
              "grammar": "'urn:epc:id:grai:' gs1companyprefix '.' assettype '.' serial",
              "field": [
                {
                  "seq": 1,
                  "decimalMinimum": "0",
                  "decimalMaximum": "999999999",
                  "characterSet": "[0-9]*",
                  "length": 9,
                  "padChar": "0",
                  "padDir": "LEFT",
                  "name": "gs1companyprefix"
                },
                {
                  "seq": 2,
                  "decimalMinimum": "0",
                  "decimalMaximum": "999",
                  "characterSet": "[0-9]*",
                  "length": 3,
                  "padChar": "0",
                  "padDir": "LEFT",
                  "name": "assettype"
                },
                {
                  "seq": 3,
                  "decimalMinimum": "0",
                  "decimalMaximum": "274877906943",
                  "characterSet": "[0-9]*",
                  "name": "serial"
                }
              ]
            },
            {
              "optionKey": "8",
              "pattern": "^urn:epc:id:grai:([0-9]{8})\\.([0-9]{4})\\.([0-9]{1,12})$",
              "grammar": "'urn:epc:id:grai:' gs1companyprefix '.' assettype '.' serial",
              "field": [
                {
                  "seq": 1,
                  "decimalMinimum": "0",
                  "decimalMaximum": "99999999",
                  "characterSet": "[0-9]*",
                  "length": 8,
                  "padChar": "0",
                  "padDir": "LEFT",
                  "name": "gs1companyprefix"
                },
                {
                  "seq": 2,
                  "decimalMinimum": "0",
                  "decimalMaximum": "9999",
                  "characterSet": "[0-9]*",
                  "length": 4,
                  "padChar": "0",
                  "padDir": "LEFT",
                  "name": "assettype"
                },
                {
                  "seq": 3,
                  "decimalMinimum": "0",
                  "decimalMaximum": "274877906943",
                  "characterSet": "[0-9]*",
                  "name": "serial"
                }
              ]
            },
            {
              "optionKey": "7",
              "pattern": "^urn:epc:id:grai:([0-9]{7})\\.([0-9]{5})\\.([0-9]{1,12})$",
              "grammar": "'urn:epc:id:grai:' gs1companyprefix '.' assettype '.' serial",
              "field": [
                {
                  "seq": 1,
                  "decimalMinimum": "0",
                  "decimalMaximum": "9999999",
                  "characterSet": "[0-9]*",
                  "length": 7,
                  "padChar": "0",
                  "padDir": "LEFT",
                  "name": "gs1companyprefix"
                },
                {
                  "seq": 2,
                  "decimalMinimum": "0",
                  "decimalMaximum": "99999",
                  "characterSet": "[0-9]*",
                  "length": 5,
                  "padChar": "0",
                  "padDir": "LEFT",
                  "name": "assettype"
                },
                {
                  "seq": 3,
                  "decimalMinimum": "0",
                  "decimalMaximum": "274877906943",
                  "characterSet": "[0-9]*",
                  "name": "serial"
                }
              ]
            },
            {
              "optionKey": "6",
              "pattern": "^urn:epc:id:grai:([0-9]{6})\\.([0-9]{6})\\.([0-9]{1,12})$",
              "grammar": "'urn:epc:id:grai:' gs1companyprefix '.' assettype '.' serial",
              "field": [
                {
                  "seq": 1,
                  "decimalMinimum": "0",
                  "decimalMaximum": "999999",
                  "characterSet": "[0-9]*",
                  "length": 6,
                  "padChar": "0",
                  "padDir": "LEFT",
                  "name": "gs1companyprefix"
                },
                {
                  "seq": 2,
                  "decimalMinimum": "0",
                  "decimalMaximum": "999999",
                  "characterSet": "[0-9]*",
                  "length": 6,
                  "padChar": "0",
                  "padDir": "LEFT",
                  "name": "assettype"
                },
                {
                  "seq": 3,
                  "decimalMinimum": "0",
                  "decimalMaximum": "274877906943",
                  "characterSet": "[0-9]*",
                  "name": "serial"
                }
              ]
            }
          ]
        },
        {
          "type": "BARE_IDENTIFIER",
          "prefixMatch": "grai=",
          "requiredParsingParameters": "gs1companyprefixlength",
          "option": [
            {
              "optionKey": "12",
              "pattern": "^grai=([0-9]{14,25})$",
              "grammar": "'grai=' gs1companyprefix assettype checkdigit serial",
              "field": [
                {
                  "seq": 1,
                  "decimalMinimum": "0",
                  "decimalMaximum": "9999999999999999999999999",
                  "characterSet": "[0-9]*",
                  "name": "grai",
                  "gcpOffset": 0
                }
              ]
            },
            {
              "optionKey": "11",
              "pattern": "^grai=([0-9]{14,25})$",
              "grammar": "'grai=' gs1companyprefix assettype checkdigit serial",
              "field": [
                {
                  "seq": 1,
                  "decimalMinimum": "0",
                  "decimalMaximum": "9999999999999999999999999",
                  "characterSet": "[0-9]*",
                  "name": "grai",
                  "gcpOffset": 0
                }
              ]
            },
            {
              "optionKey": "10",
              "pattern": "^grai=([0-9]{14,25})$",
              "grammar": "'grai=' gs1companyprefix assettype checkdigit serial",
              "field": [
                {
                  "seq": 1,
                  "decimalMinimum": "0",
                  "decimalMaximum": "9999999999999999999999999",
                  "characterSet": "[0-9]*",
                  "name": "grai",
                  "gcpOffset": 0
                }
              ]
            },
            {
              "optionKey": "9",
              "pattern": "^grai=([0-9]{14,25})$",
              "grammar": "'grai=' gs1companyprefix assettype checkdigit serial",
              "field": [
                {
                  "seq": 1,
                  "decimalMinimum": "0",
                  "decimalMaximum": "9999999999999999999999999",
                  "characterSet": "[0-9]*",
                  "name": "grai",
                  "gcpOffset": 0
                }
              ]
            },
            {
              "optionKey": "8",
              "pattern": "^grai=([0-9]{14,25})$",
              "grammar": "'grai=' gs1companyprefix assettype checkdigit serial",
              "field": [
                {
                  "seq": 1,
                  "decimalMinimum": "0",
                  "decimalMaximum": "9999999999999999999999999",
                  "characterSet": "[0-9]*",
                  "name": "grai",
                  "gcpOffset": 0
                }
              ]
            },
            {
              "optionKey": "7",
              "pattern": "^grai=([0-9]{14,25})$",
              "grammar": "'grai=' gs1companyprefix assettype checkdigit serial",
              "field": [
                {
                  "seq": 1,
                  "decimalMinimum": "0",
                  "decimalMaximum": "9999999999999999999999999",
                  "characterSet": "[0-9]*",
                  "name": "grai",
                  "gcpOffset": 0
                }
              ]
            },
            {
              "optionKey": "6",
              "pattern": "^grai=([0-9]{14,25})$",
              "grammar": "'grai=' gs1companyprefix assettype checkdigit serial",
              "field": [
                {
                  "seq": 1,
                  "decimalMinimum": "0",
                  "decimalMaximum": "9999999999999999999999999",
                  "characterSet": "[0-9]*",
                  "name": "grai",
                  "gcpOffset": 0
                }
              ]
            }
          ],
          "rule": [
            {
              "type": "EXTRACT",
              "inputFormat": "STRING",
              "seq": 1,
              "newFieldName": "graiprefix",
              "characterSet": "[0-9]*",
              "length": 12,
              "function": "SUBSTR(grai,0,12)"
            },
            {
              "type": "EXTRACT",
              "inputFormat": "STRING",
              "seq": 2,
              "newFieldName": "assettype",
              "characterSet": "[0-9]*",
              "function": "SUBSTR(graiprefix,gs1companyprefixlength)"
            },
            {
              "type": "EXTRACT",
              "inputFormat": "STRING",
              "seq": 3,
              "newFieldName": "serial",
              "characterSet": "[0-9]*",
              "function": "SUBSTR(grai,13)"
            },
            {
              "type": "EXTRACT",
              "inputFormat": "STRING",
              "seq": 4,
              "newFieldName": "gs1companyprefix",
              "characterSet": "[0-9]*",
              "function": "SUBSTR(grai,0,gs1companyprefixlength)"
            },
            {
              "type": "FORMAT",
              "inputFormat": "STRING",
              "seq": 1,
              "newFieldName": "graiprefix",
              "characterSet": "[0-9]*",
              "length": 12,
              "function": "CONCAT(gs1companyprefix,assettype)"
            },
            {
              "type": "FORMAT",
              "inputFormat": "STRING",
              "seq": 2,
              "newFieldName": "checkdigit",
              "characterSet": "[0-9]*",
              "length": 1,
              "function": "GS1CHECKSUM(graiprefix)"
            }
          ]
        },
        {
          "type": "GS1_AI_JSON",
          "prefixMatch": "{",
          "requiredParsingParameters": "gs1companyprefixlength",
          "option": [
            {
              "optionKey": "12",
              "pattern": "^\\{\\s*\"8003\"\\s*:\\s*\"0([0-9]{14,25})\"",
              "grammar": "'{\"8003\":\"' '0' gs1companyprefix assettype checkdigit serial '\"}'",
              "aiSequence": [
                "8003"
              ],
              "field": [
                {
                  "seq": 1,
                  "decimalMinimum": "0",
                  "decimalMaximum": "9999999999999999999999999",
                  "characterSet": "[0-9]*",
                  "name": "grai",
                  "gcpOffset": 0
                }
              ]
            },
            {
              "optionKey": "11",
              "pattern": "^\\{\\s*\"8003\"\\s*:\\s*\"0([0-9]{14,25})\"",
              "grammar": "'{\"8003\":\"' '0' gs1companyprefix assettype checkdigit serial '\"}'",
              "aiSequence": [
                "8003"
              ],
              "field": [
                {
                  "seq": 1,
                  "decimalMinimum": "0",
                  "decimalMaximum": "9999999999999999999999999",
                  "characterSet": "[0-9]*",
                  "name": "grai",
                  "gcpOffset": 0
                }
              ]
            },
            {
              "optionKey": "10",
              "pattern": "^\\{\\s*\"8003\"\\s*:\\s*\"0([0-9]{14,25})\"",
              "grammar": "'{\"8003\":\"' '0' gs1companyprefix assettype checkdigit serial '\"}'",
              "aiSequence": [
                "8003"
              ],
              "field": [
                {
                  "seq": 1,
                  "decimalMinimum": "0",
                  "decimalMaximum": "9999999999999999999999999",
                  "characterSet": "[0-9]*",
                  "name": "grai",
                  "gcpOffset": 0
                }
              ]
            },
            {
              "optionKey": "9",
              "pattern": "^\\{\\s*\"8003\"\\s*:\\s*\"0([0-9]{14,25})\"",
              "grammar": "'{\"8003\":\"' '0' gs1companyprefix assettype checkdigit serial '\"}'",
              "aiSequence": [
                "8003"
              ],
              "field": [
                {
                  "seq": 1,
                  "decimalMinimum": "0",
                  "decimalMaximum": "9999999999999999999999999",
                  "characterSet": "[0-9]*",
                  "name": "grai",
                  "gcpOffset": 0
                }
              ]
            },
            {
              "optionKey": "8",
              "pattern": "^\\{\\s*\"8003\"\\s*:\\s*\"0([0-9]{14,25})\"",
              "grammar": "'{\"8003\":\"' '0' gs1companyprefix assettype checkdigit serial '\"}'",
              "aiSequence": [
                "8003"
              ],
              "field": [
                {
                  "seq": 1,
                  "decimalMinimum": "0",
                  "decimalMaximum": "9999999999999999999999999",
                  "characterSet": "[0-9]*",
                  "name": "grai",
                  "gcpOffset": 0
                }
              ]
            },
            {
              "optionKey": "7",
              "pattern": "^\\{\\s*\"8003\"\\s*:\\s*\"0([0-9]{14,25})\"",
              "grammar": "'{\"8003\":\"' '0' gs1companyprefix assettype checkdigit serial '\"}'",
              "aiSequence": [
                "8003"
              ],
              "field": [
                {
                  "seq": 1,
                  "decimalMinimum": "0",
                  "decimalMaximum": "9999999999999999999999999",
                  "characterSet": "[0-9]*",
                  "name": "grai",
                  "gcpOffset": 0
                }
              ]
            },
            {
              "optionKey": "6",
              "pattern": "^\\{\\s*\"8003\"\\s*:\\s*\"0([0-9]{14,25})\"",
              "grammar": "'{\"8003\":\"' '0' gs1companyprefix assettype checkdigit serial '\"}'",
              "aiSequence": [
                "8003"
              ],
              "field": [
                {
                  "seq": 1,
                  "decimalMinimum": "0",
                  "decimalMaximum": "9999999999999999999999999",
                  "characterSet": "[0-9]*",
                  "name": "grai",
                  "gcpOffset": 0
                }
              ]
            }
          ],
          "rule": [
            {
              "type": "EXTRACT",
              "inputFormat": "STRING",
              "seq": 1,
              "newFieldName": "graiprefix",
              "characterSet": "[0-9]*",
              "length": 12,
              "function": "SUBSTR(grai,0,12)"
            },
            {
              "type": "EXTRACT",
              "inputFormat": "STRING",
              "seq": 2,
              "newFieldName": "assettype",
              "characterSet": "[0-9]*",
              "function": "SUBSTR(graiprefix,gs1companyprefixlength)"
            },
            {
              "type": "EXTRACT",
              "inputFormat": "STRING",
              "seq": 3,
              "newFieldName": "serial",
              "characterSet": "[0-9]*",
              "function": "SUBSTR(grai,13)"
            },
            {
              "type": "EXTRACT",
              "inputFormat": "STRING",
              "seq": 4,
              "newFieldName": "gs1companyprefix",
              "characterSet": "[0-9]*",
              "function": "SUBSTR(grai,0,gs1companyprefixlength)"
            },
            {
              "type": "FORMAT",
              "inputFormat": "STRING",
              "seq": 1,
              "newFieldName": "graiprefix",
              "characterSet": "[0-9]*",
              "length": 12,
              "function": "CONCAT(gs1companyprefix,assettype)"
            },
            {
              "type": "FORMAT",
              "inputFormat": "STRING",
              "seq": 2,
              "newFieldName": "checkdigit",
              "characterSet": "[0-9]*",
              "length": 1,
              "function": "GS1CHECKSUM(graiprefix)"
            }
          ]
        },
        {
          "type": "GS1_DIGITAL_LINK",
          "prefixMatch": "http",
          "requiredFormattingParameters": "uriStem",
          "requiredParsingParameters": "gs1companyprefixlength",
          "option": [
            {
              "optionKey": "12",
              "pattern": "\\/8003\\/0([0-9]{14,25})(?:\\?|$)",
              "grammar": "uriStem '/8003/' '0' gs1companyprefix assettype checkdigit serial",
              "field": [
                {
                  "seq": 1,
                  "decimalMinimum": "0",
                  "decimalMaximum": "9999999999999999999999999",
                  "characterSet": "[0-9]*",
                  "name": "grai",
                  "gcpOffset": 0
                }
              ],
              "aiSequence": [
                "8003"
              ]
            },
            {
              "optionKey": "11",
              "pattern": "\\/8003\\/0([0-9]{14,25})(?:\\?|$)",
              "grammar": "uriStem '/8003/' '0' gs1companyprefix assettype checkdigit serial",
              "field": [
                {
                  "seq": 1,
                  "decimalMinimum": "0",
                  "decimalMaximum": "9999999999999999999999999",
                  "characterSet": "[0-9]*",
                  "name": "grai",
                  "gcpOffset": 0
                }
              ],
              "aiSequence": [
                "8003"
              ]
            },
            {
              "optionKey": "10",
              "pattern": "\\/8003\\/0([0-9]{14,25})(?:\\?|$)",
              "grammar": "uriStem '/8003/' '0' gs1companyprefix assettype checkdigit serial",
              "field": [
                {
                  "seq": 1,
                  "decimalMinimum": "0",
                  "decimalMaximum": "9999999999999999999999999",
                  "characterSet": "[0-9]*",
                  "name": "grai",
                  "gcpOffset": 0
                }
              ],
              "aiSequence": [
                "8003"
              ]
            },
            {
              "optionKey": "9",
              "pattern": "\\/8003\\/0([0-9]{14,25})(?:\\?|$)",
              "grammar": "uriStem '/8003/' '0' gs1companyprefix assettype checkdigit serial",
              "field": [
                {
                  "seq": 1,
                  "decimalMinimum": "0",
                  "decimalMaximum": "9999999999999999999999999",
                  "characterSet": "[0-9]*",
                  "name": "grai",
                  "gcpOffset": 0
                }
              ],
              "aiSequence": [
                "8003"
              ]
            },
            {
              "optionKey": "8",
              "pattern": "\\/8003\\/0([0-9]{14,25})(?:\\?|$)",
              "grammar": "uriStem '/8003/' '0' gs1companyprefix assettype checkdigit serial",
              "field": [
                {
                  "seq": 1,
                  "decimalMinimum": "0",
                  "decimalMaximum": "9999999999999999999999999",
                  "characterSet": "[0-9]*",
                  "name": "grai",
                  "gcpOffset": 0
                }
              ],
              "aiSequence": [
                "8003"
              ]
            },
            {
              "optionKey": "7",
              "pattern": "\\/8003\\/0([0-9]{14,25})(?:\\?|$)",
              "grammar": "uriStem '/8003/' '0' gs1companyprefix assettype checkdigit serial",
              "field": [
                {
                  "seq": 1,
                  "decimalMinimum": "0",
                  "decimalMaximum": "9999999999999999999999999",
                  "characterSet": "[0-9]*",
                  "name": "grai",
                  "gcpOffset": 0
                }
              ],
              "aiSequence": [
                "8003"
              ]
            },
            {
              "optionKey": "6",
              "pattern": "\\/8003\\/0([0-9]{14,25})(?:\\?|$)",
              "grammar": "uriStem '/8003/' '0' gs1companyprefix assettype checkdigit serial",
              "field": [
                {
                  "seq": 1,
                  "decimalMinimum": "0",
                  "decimalMaximum": "9999999999999999999999999",
                  "characterSet": "[0-9]*",
                  "name": "grai",
                  "gcpOffset": 0
                }
              ],
              "aiSequence": [
                "8003"
              ]
            }
          ],
          "rule": [
            {
              "type": "EXTRACT",
              "inputFormat": "STRING",
              "seq": 1,
              "newFieldName": "graiprefix",
              "characterSet": "[0-9]*",
              "length": 12,
              "function": "SUBSTR(grai,0,12)"
            },
            {
              "type": "EXTRACT",
              "inputFormat": "STRING",
              "seq": 2,
              "newFieldName": "assettype",
              "characterSet": "[0-9]*",
              "function": "SUBSTR(graiprefix,gs1companyprefixlength)"
            },
            {
              "type": "EXTRACT",
              "inputFormat": "STRING",
              "seq": 3,
              "newFieldName": "serial",
              "characterSet": "[0-9]*",
              "function": "SUBSTR(grai,13)"
            },
            {
              "type": "EXTRACT",
              "inputFormat": "STRING",
              "seq": 4,
              "newFieldName": "gs1companyprefix",
              "characterSet": "[0-9]*",
              "function": "SUBSTR(grai,0,gs1companyprefixlength)"
            },
            {
              "type": "FORMAT",
              "inputFormat": "STRING",
              "seq": 1,
              "newFieldName": "graiprefix",
              "characterSet": "[0-9]*",
              "length": 12,
              "function": "CONCAT(gs1companyprefix,assettype)"
            },
            {
              "type": "FORMAT",
              "inputFormat": "STRING",
              "seq": 2,
              "newFieldName": "checkdigit",
              "characterSet": "[0-9]*",
              "length": 1,
              "function": "GS1CHECKSUM(graiprefix)"
            }
          ],
          "gs1DigitalLinkKeyQualifiers": []
        }
      ]
    }
  }
}