{
  "tdt:epcTagDataTranslation": {
    "version": "2.2",
    "date": "2024-11-18T16:30:00Z",
    "epcTDSVersion": "2.2",
    "scheme": {
      "name": "GSRN+",
      "optionKey": "1",
      "level": [
        {
          "type": "BINARY",
          "prefixMatch": "11110100",
          "requiredFormattingParameters": "filter,dataToggle",
          "option": [
            {
              "optionKey": "1",
              "pattern": "^11110100([01])([01]{3})",
              "grammar": "'11110100' dataToggle filter encodedAI",
              "field": [
                {
                  "seq": 1,
                  "decimalMinimum": "0",
                  "decimalMaximum": "1",
                  "characterSet": "[01]*",
                  "bitPadDir": "LEFT",
                  "bitLength": 1,
                  "name": "dataToggle"
                },
                {
                  "seq": 2,
                  "decimalMinimum": "0",
                  "decimalMaximum": "7",
                  "characterSet": "[01]*",
                  "bitPadDir": "LEFT",
                  "bitLength": 3,
                  "name": "filter"
                }
              ],
              "encodedAI": [
                {
                  "ai": "8018",
                  "name": "gsrn",
                  "seq": 3
                }
              ]
            }
          ]
        },
        {
          "type": "BARE_IDENTIFIER",
          "prefixMatch": "gsrn=",
          "option": [
            {
              "optionKey": "1",
              "pattern": "^gsrn=([0-9]{18})$",
              "grammar": "'gsrn=' gsrn ",
              "field": [
                {
                  "seq": 1,
                  "decimalMinimum": "0",
                  "decimalMaximum": "999999999999999999",
                  "characterSet": "[0-9]*",
                  "length": 18,
                  "padChar": "0",
                  "padDir": "LEFT",
                  "name": "gsrn"
                }
              ]
            }
          ]
        },
        {
          "type": "GS1_AI_JSON",
          "prefixMatch": "{",
          "option": [
            {
              "optionKey": "1",
              "pattern": "^\\{\\s*\"8018\"\\s*:\\s*\"([0-9]{18})\"",
              "grammar": "'{\"8018\":\"' gsrn '\"}'",
              "aiSequence": [
                "8018"
              ],
              "field": [
                {
                  "seq": 1,
                  "decimalMinimum": "0",
                  "decimalMaximum": "999999999999999999",
                  "characterSet": "[0-9]*",
                  "length": 18,
                  "padChar": "0",
                  "padDir": "LEFT",
                  "name": "gsrn"
                }
              ]
            }
          ]
        },
        {
          "type": "GS1_DIGITAL_LINK",
          "prefixMatch": "http",
          "requiredFormattingParameters": "uriStem",
          "option": [
            {
              "optionKey": "1",
              "pattern": "\\/8018\\/([0-9]{18})(?:\\?|$)",
              "grammar": "uriStem '/8018/' gsrn ",
              "field": [
                {
                  "seq": 1,
                  "decimalMinimum": "0",
                  "decimalMaximum": "999999999999999999",
                  "characterSet": "[0-9]*",
                  "length": 18,
                  "padChar": "0",
                  "padDir": "LEFT",
                  "name": "gsrn"
                }
              ],
              "aiSequence": [
                "8018"
              ]
            }
          ],
          "gs1DigitalLinkKeyQualifiers": [ "8019" ]
        }
      ]
    }
  }
}