{
  "tdt:epcTagDataTranslation": {
    "version": "2.2",
    "date": "2024-11-18T16:30:00Z",
    "epcTDSVersion": "2.2",
    "scheme": {
      "name": "SGTIN-96",
      "optionKey": "gs1companyprefixlength",
      "tagLength": 96,
      "level": [
        {
          "type": "BINARY",
          "prefixMatch": "00110000",
          "requiredFormattingParameters": "filter,tagLength",
          "option": [
            {
              "optionKey": "12",
              "pattern": "^00110000([01]{3})000([01]{40})([01]{4})([01]{38})",
              "grammar": "'00110000' filter '000' gs1companyprefix itemref serial",
              "field": [
                {
                  "seq": 1,
                  "decimalMinimum": "0",
                  "decimalMaximum": "7",
                  "characterSet": "[01]*",
                  "bitPadDir": "LEFT",
                  "bitLength": 3,
                  "name": "filter",
                  "length": 1
                },
                {
                  "seq": 2,
                  "decimalMinimum": "0",
                  "decimalMaximum": "999999999999",
                  "characterSet": "[01]*",
                  "bitPadDir": "LEFT",
                  "bitLength": 40,
                  "length": 12,
                  "name": "gs1companyprefix"
                },
                {
                  "seq": 3,
                  "decimalMinimum": "0",
                  "decimalMaximum": "9",
                  "characterSet": "[01]*",
                  "bitPadDir": "LEFT",
                  "bitLength": 4,
                  "length": 1,
                  "name": "itemref"
                },
                {
                  "seq": 4,
                  "decimalMinimum": "0",
                  "decimalMaximum": "274877906943",
                  "characterSet": "[01]*",
                  "bitPadDir": "LEFT",
                  "bitLength": 38,
                  "name": "serial"
                }
              ]
            },
            {
              "optionKey": "11",
              "pattern": "^00110000([01]{3})001([01]{37})([01]{7})([01]{38})",
              "grammar": "'00110000' filter '001' gs1companyprefix itemref serial",
              "field": [
                {
                  "seq": 1,
                  "decimalMinimum": "0",
                  "decimalMaximum": "7",
                  "characterSet": "[01]*",
                  "bitPadDir": "LEFT",
                  "bitLength": 3,
                  "name": "filter",
                  "length": 1
                },
                {
                  "seq": 2,
                  "decimalMinimum": "0",
                  "decimalMaximum": "99999999999",
                  "characterSet": "[01]*",
                  "bitPadDir": "LEFT",
                  "bitLength": 37,
                  "length": 11,
                  "name": "gs1companyprefix"
                },
                {
                  "seq": 3,
                  "decimalMinimum": "0",
                  "decimalMaximum": "99",
                  "characterSet": "[01]*",
                  "bitPadDir": "LEFT",
                  "bitLength": 7,
                  "length": 2,
                  "name": "itemref"
                },
                {
                  "seq": 4,
                  "decimalMinimum": "0",
                  "decimalMaximum": "274877906943",
                  "characterSet": "[01]*",
                  "bitPadDir": "LEFT",
                  "bitLength": 38,
                  "name": "serial"
                }
              ]
            },
            {
              "optionKey": "10",
              "pattern": "^00110000([01]{3})010([01]{34})([01]{10})([01]{38})",
              "grammar": "'00110000' filter '010' gs1companyprefix itemref serial",
              "field": [
                {
                  "seq": 1,
                  "decimalMinimum": "0",
                  "decimalMaximum": "7",
                  "characterSet": "[01]*",
                  "bitPadDir": "LEFT",
                  "bitLength": 3,
                  "name": "filter",
                  "length": 1
                },
                {
                  "seq": 2,
                  "decimalMinimum": "0",
                  "decimalMaximum": "9999999999",
                  "characterSet": "[01]*",
                  "bitPadDir": "LEFT",
                  "bitLength": 34,
                  "length": 10,
                  "name": "gs1companyprefix"
                },
                {
                  "seq": 3,
                  "decimalMinimum": "0",
                  "decimalMaximum": "999",
                  "characterSet": "[01]*",
                  "bitPadDir": "LEFT",
                  "bitLength": 10,
                  "length": 3,
                  "name": "itemref"
                },
                {
                  "seq": 4,
                  "decimalMinimum": "0",
                  "decimalMaximum": "274877906943",
                  "characterSet": "[01]*",
                  "bitPadDir": "LEFT",
                  "bitLength": 38,
                  "name": "serial"
                }
              ]
            },
            {
              "optionKey": "9",
              "pattern": "^00110000([01]{3})011([01]{30})([01]{14})([01]{38})",
              "grammar": "'00110000' filter '011' gs1companyprefix itemref serial",
              "field": [
                {
                  "seq": 1,
                  "decimalMinimum": "0",
                  "decimalMaximum": "7",
                  "characterSet": "[01]*",
                  "bitPadDir": "LEFT",
                  "bitLength": 3,
                  "name": "filter",
                  "length": 1
                },
                {
                  "seq": 2,
                  "decimalMinimum": "0",
                  "decimalMaximum": "999999999",
                  "characterSet": "[01]*",
                  "bitPadDir": "LEFT",
                  "bitLength": 30,
                  "length": 9,
                  "name": "gs1companyprefix"
                },
                {
                  "seq": 3,
                  "decimalMinimum": "0",
                  "decimalMaximum": "9999",
                  "characterSet": "[01]*",
                  "bitPadDir": "LEFT",
                  "bitLength": 14,
                  "length": 4,
                  "name": "itemref"
                },
                {
                  "seq": 4,
                  "decimalMinimum": "0",
                  "decimalMaximum": "274877906943",
                  "characterSet": "[01]*",
                  "bitPadDir": "LEFT",
                  "bitLength": 38,
                  "name": "serial"
                }
              ]
            },
            {
              "optionKey": "8",
              "pattern": "^00110000([01]{3})100([01]{27})([01]{17})([01]{38})",
              "grammar": "'00110000' filter '100' gs1companyprefix itemref serial",
              "field": [
                {
                  "seq": 1,
                  "decimalMinimum": "0",
                  "decimalMaximum": "7",
                  "characterSet": "[01]*",
                  "bitPadDir": "LEFT",
                  "bitLength": 3,
                  "name": "filter",
                  "length": 1
                },
                {
                  "seq": 2,
                  "decimalMinimum": "0",
                  "decimalMaximum": "99999999",
                  "characterSet": "[01]*",
                  "bitPadDir": "LEFT",
                  "bitLength": 27,
                  "length": 8,
                  "name": "gs1companyprefix"
                },
                {
                  "seq": 3,
                  "decimalMinimum": "0",
                  "decimalMaximum": "99999",
                  "characterSet": "[01]*",
                  "bitPadDir": "LEFT",
                  "bitLength": 17,
                  "length": 5,
                  "name": "itemref"
                },
                {
                  "seq": 4,
                  "decimalMinimum": "0",
                  "decimalMaximum": "274877906943",
                  "characterSet": "[01]*",
                  "bitPadDir": "LEFT",
                  "bitLength": 38,
                  "name": "serial"
                }
              ]
            },
            {
              "optionKey": "7",
              "pattern": "^00110000([01]{3})101([01]{24})([01]{20})([01]{38})",
              "grammar": "'00110000' filter '101' gs1companyprefix itemref serial",
              "field": [
                {
                  "seq": 1,
                  "decimalMinimum": "0",
                  "decimalMaximum": "7",
                  "characterSet": "[01]*",
                  "bitPadDir": "LEFT",
                  "bitLength": 3,
                  "name": "filter",
                  "length": 1
                },
                {
                  "seq": 2,
                  "decimalMinimum": "0",
                  "decimalMaximum": "9999999",
                  "characterSet": "[01]*",
                  "bitPadDir": "LEFT",
                  "bitLength": 24,
                  "length": 7,
                  "name": "gs1companyprefix"
                },
                {
                  "seq": 3,
                  "decimalMinimum": "0",
                  "decimalMaximum": "999999",
                  "characterSet": "[01]*",
                  "bitPadDir": "LEFT",
                  "bitLength": 20,
                  "length": 6,
                  "name": "itemref"
                },
                {
                  "seq": 4,
                  "decimalMinimum": "0",
                  "decimalMaximum": "274877906943",
                  "characterSet": "[01]*",
                  "bitPadDir": "LEFT",
                  "bitLength": 38,
                  "name": "serial"
                }
              ]
            },
            {
              "optionKey": "6",
              "pattern": "^00110000([01]{3})110([01]{20})([01]{24})([01]{38})",
              "grammar": "'00110000' filter '110' gs1companyprefix itemref serial",
              "field": [
                {
                  "seq": 1,
                  "decimalMinimum": "0",
                  "decimalMaximum": "7",
                  "characterSet": "[01]*",
                  "bitPadDir": "LEFT",
                  "bitLength": 3,
                  "name": "filter",
                  "length": 1
                },
                {
                  "seq": 2,
                  "decimalMinimum": "0",
                  "decimalMaximum": "999999",
                  "characterSet": "[01]*",
                  "bitPadDir": "LEFT",
                  "bitLength": 20,
                  "length": 6,
                  "name": "gs1companyprefix"
                },
                {
                  "seq": 3,
                  "decimalMinimum": "0",
                  "decimalMaximum": "9999999",
                  "characterSet": "[01]*",
                  "bitPadDir": "LEFT",
                  "bitLength": 24,
                  "length": 7,
                  "name": "itemref"
                },
                {
                  "seq": 4,
                  "decimalMinimum": "0",
                  "decimalMaximum": "274877906943",
                  "characterSet": "[01]*",
                  "bitPadDir": "LEFT",
                  "bitLength": 38,
                  "name": "serial"
                }
              ]
            }
          ]
        },
        {
          "type": "TAG_ENCODING",
          "prefixMatch": "urn:epc:tag:sgtin-96",
          "requiredFormattingParameters": "filter,tagLength",
          "option": [
            {
              "optionKey": "12",
              "pattern": "^urn:epc:tag:sgtin-96:([0-7]{1})\\.([0-9]{12})\\.([0-9]{1})\\.([0-9]{1,12})$",
              "grammar": "'urn:epc:tag:sgtin-96:' filter '.' gs1companyprefix '.' itemref '.' serial",
              "field": [
                {
                  "seq": 1,
                  "decimalMinimum": "0",
                  "decimalMaximum": "7",
                  "characterSet": "[0-7]*",
                  "length": 1,
                  "padChar": "0",
                  "padDir": "LEFT",
                  "name": "filter"
                },
                {
                  "seq": 2,
                  "decimalMinimum": "0",
                  "decimalMaximum": "999999999999",
                  "characterSet": "[0-9]*",
                  "length": 12,
                  "padChar": "0",
                  "padDir": "LEFT",
                  "name": "gs1companyprefix"
                },
                {
                  "seq": 3,
                  "decimalMinimum": "0",
                  "decimalMaximum": "9",
                  "characterSet": "[0-9]*",
                  "length": 1,
                  "padChar": "0",
                  "padDir": "LEFT",
                  "name": "itemref"
                },
                {
                  "seq": 4,
                  "decimalMinimum": "0",
                  "decimalMaximum": "274877906943",
                  "characterSet": "[0-9]*",
                  "name": "serial"
                }
              ]
            },
            {
              "optionKey": "11",
              "pattern": "^urn:epc:tag:sgtin-96:([0-7]{1})\\.([0-9]{11})\\.([0-9]{2})\\.([0-9]{1,12})$",
              "grammar": "'urn:epc:tag:sgtin-96:' filter '.' gs1companyprefix '.' itemref '.' serial",
              "field": [
                {
                  "seq": 1,
                  "decimalMinimum": "0",
                  "decimalMaximum": "7",
                  "characterSet": "[0-7]*",
                  "length": 1,
                  "padChar": "0",
                  "padDir": "LEFT",
                  "name": "filter"
                },
                {
                  "seq": 2,
                  "decimalMinimum": "0",
                  "decimalMaximum": "99999999999",
                  "characterSet": "[0-9]*",
                  "length": 11,
                  "padChar": "0",
                  "padDir": "LEFT",
                  "name": "gs1companyprefix"
                },
                {
                  "seq": 3,
                  "decimalMinimum": "0",
                  "decimalMaximum": "99",
                  "characterSet": "[0-9]*",
                  "length": 2,
                  "padChar": "0",
                  "padDir": "LEFT",
                  "name": "itemref"
                },
                {
                  "seq": 4,
                  "decimalMinimum": "0",
                  "decimalMaximum": "274877906943",
                  "characterSet": "[0-9]*",
                  "name": "serial"
                }
              ]
            },
            {
              "optionKey": "10",
              "pattern": "^urn:epc:tag:sgtin-96:([0-7]{1})\\.([0-9]{10})\\.([0-9]{3})\\.([0-9]{1,12})$",
              "grammar": "'urn:epc:tag:sgtin-96:' filter '.' gs1companyprefix '.' itemref '.' serial",
              "field": [
                {
                  "seq": 1,
                  "decimalMinimum": "0",
                  "decimalMaximum": "7",
                  "characterSet": "[0-7]*",
                  "length": 1,
                  "padChar": "0",
                  "padDir": "LEFT",
                  "name": "filter"
                },
                {
                  "seq": 2,
                  "decimalMinimum": "0",
                  "decimalMaximum": "9999999999",
                  "characterSet": "[0-9]*",
                  "length": 10,
                  "padChar": "0",
                  "padDir": "LEFT",
                  "name": "gs1companyprefix"
                },
                {
                  "seq": 3,
                  "decimalMinimum": "0",
                  "decimalMaximum": "999",
                  "characterSet": "[0-9]*",
                  "length": 3,
                  "padChar": "0",
                  "padDir": "LEFT",
                  "name": "itemref"
                },
                {
                  "seq": 4,
                  "decimalMinimum": "0",
                  "decimalMaximum": "274877906943",
                  "characterSet": "[0-9]*",
                  "name": "serial"
                }
              ]
            },
            {
              "optionKey": "9",
              "pattern": "^urn:epc:tag:sgtin-96:([0-7]{1})\\.([0-9]{9})\\.([0-9]{4})\\.([0-9]{1,12})$",
              "grammar": "'urn:epc:tag:sgtin-96:' filter '.' gs1companyprefix '.' itemref '.' serial",
              "field": [
                {
                  "seq": 1,
                  "decimalMinimum": "0",
                  "decimalMaximum": "7",
                  "characterSet": "[0-7]*",
                  "length": 1,
                  "padChar": "0",
                  "padDir": "LEFT",
                  "name": "filter"
                },
                {
                  "seq": 2,
                  "decimalMinimum": "0",
                  "decimalMaximum": "999999999",
                  "characterSet": "[0-9]*",
                  "length": 9,
                  "padChar": "0",
                  "padDir": "LEFT",
                  "name": "gs1companyprefix"
                },
                {
                  "seq": 3,
                  "decimalMinimum": "0",
                  "decimalMaximum": "9999",
                  "characterSet": "[0-9]*",
                  "length": 4,
                  "padChar": "0",
                  "padDir": "LEFT",
                  "name": "itemref"
                },
                {
                  "seq": 4,
                  "decimalMinimum": "0",
                  "decimalMaximum": "274877906943",
                  "characterSet": "[0-9]*",
                  "name": "serial"
                }
              ]
            },
            {
              "optionKey": "8",
              "pattern": "^urn:epc:tag:sgtin-96:([0-7]{1})\\.([0-9]{8})\\.([0-9]{5})\\.([0-9]{1,12})$",
              "grammar": "'urn:epc:tag:sgtin-96:' filter '.' gs1companyprefix '.' itemref '.' serial",
              "field": [
                {
                  "seq": 1,
                  "decimalMinimum": "0",
                  "decimalMaximum": "7",
                  "characterSet": "[0-7]*",
                  "length": 1,
                  "padChar": "0",
                  "padDir": "LEFT",
                  "name": "filter"
                },
                {
                  "seq": 2,
                  "decimalMinimum": "0",
                  "decimalMaximum": "99999999",
                  "characterSet": "[0-9]*",
                  "length": 8,
                  "padChar": "0",
                  "padDir": "LEFT",
                  "name": "gs1companyprefix"
                },
                {
                  "seq": 3,
                  "decimalMinimum": "0",
                  "decimalMaximum": "99999",
                  "characterSet": "[0-9]*",
                  "length": 5,
                  "padChar": "0",
                  "padDir": "LEFT",
                  "name": "itemref"
                },
                {
                  "seq": 4,
                  "decimalMinimum": "0",
                  "decimalMaximum": "274877906943",
                  "characterSet": "[0-9]*",
                  "name": "serial"
                }
              ]
            },
            {
              "optionKey": "7",
              "pattern": "^urn:epc:tag:sgtin-96:([0-7]{1})\\.([0-9]{7})\\.([0-9]{6})\\.([0-9]{1,12})$",
              "grammar": "'urn:epc:tag:sgtin-96:' filter '.' gs1companyprefix '.' itemref '.' serial",
              "field": [
                {
                  "seq": 1,
                  "decimalMinimum": "0",
                  "decimalMaximum": "7",
                  "characterSet": "[0-7]*",
                  "length": 1,
                  "padChar": "0",
                  "padDir": "LEFT",
                  "name": "filter"
                },
                {
                  "seq": 2,
                  "decimalMinimum": "0",
                  "decimalMaximum": "9999999",
                  "characterSet": "[0-9]*",
                  "length": 7,
                  "padChar": "0",
                  "padDir": "LEFT",
                  "name": "gs1companyprefix"
                },
                {
                  "seq": 3,
                  "decimalMinimum": "0",
                  "decimalMaximum": "999999",
                  "characterSet": "[0-9]*",
                  "length": 6,
                  "padChar": "0",
                  "padDir": "LEFT",
                  "name": "itemref"
                },
                {
                  "seq": 4,
                  "decimalMinimum": "0",
                  "decimalMaximum": "274877906943",
                  "characterSet": "[0-9]*",
                  "name": "serial"
                }
              ]
            },
            {
              "optionKey": "6",
              "pattern": "^urn:epc:tag:sgtin-96:([0-7]{1})\\.([0-9]{6})\\.([0-9]{7})\\.([0-9]{1,12})$",
              "grammar": "'urn:epc:tag:sgtin-96:' filter '.' gs1companyprefix '.' itemref '.' serial",
              "field": [
                {
                  "seq": 1,
                  "decimalMinimum": "0",
                  "decimalMaximum": "7",
                  "characterSet": "[0-7]*",
                  "length": 1,
                  "padChar": "0",
                  "padDir": "LEFT",
                  "name": "filter"
                },
                {
                  "seq": 2,
                  "decimalMinimum": "0",
                  "decimalMaximum": "999999",
                  "characterSet": "[0-9]*",
                  "length": 6,
                  "padChar": "0",
                  "padDir": "LEFT",
                  "name": "gs1companyprefix"
                },
                {
                  "seq": 3,
                  "decimalMinimum": "0",
                  "decimalMaximum": "9999999",
                  "characterSet": "[0-9]*",
                  "length": 7,
                  "padChar": "0",
                  "padDir": "LEFT",
                  "name": "itemref"
                },
                {
                  "seq": 4,
                  "decimalMinimum": "0",
                  "decimalMaximum": "274877906943",
                  "characterSet": "[0-9]*",
                  "name": "serial"
                }
              ]
            }
          ]
        },
        {
          "type": "PURE_IDENTITY",
          "prefixMatch": "urn:epc:id:sgtin",
          "option": [
            {
              "optionKey": "12",
              "pattern": "^urn:epc:id:sgtin:([0-9]{12})\\.([0-9]{1})\\.([0-9]{1,12})$",
              "grammar": "'urn:epc:id:sgtin:' gs1companyprefix '.' itemref '.' serial",
              "field": [
                {
                  "seq": 1,
                  "decimalMinimum": "0",
                  "decimalMaximum": "999999999999",
                  "characterSet": "[0-9]*",
                  "length": 12,
                  "padChar": "0",
                  "padDir": "LEFT",
                  "name": "gs1companyprefix"
                },
                {
                  "seq": 2,
                  "decimalMinimum": "0",
                  "decimalMaximum": "9",
                  "characterSet": "[0-9]*",
                  "length": 1,
                  "padChar": "0",
                  "padDir": "LEFT",
                  "name": "itemref"
                },
                {
                  "seq": 3,
                  "decimalMinimum": "0",
                  "decimalMaximum": "274877906943",
                  "characterSet": "[0-9]*",
                  "name": "serial"
                }
              ]
            },
            {
              "optionKey": "11",
              "pattern": "^urn:epc:id:sgtin:([0-9]{11})\\.([0-9]{2})\\.([0-9]{1,12})$",
              "grammar": "'urn:epc:id:sgtin:' gs1companyprefix '.' itemref '.' serial",
              "field": [
                {
                  "seq": 1,
                  "decimalMinimum": "0",
                  "decimalMaximum": "99999999999",
                  "characterSet": "[0-9]*",
                  "length": 11,
                  "padChar": "0",
                  "padDir": "LEFT",
                  "name": "gs1companyprefix"
                },
                {
                  "seq": 2,
                  "decimalMinimum": "0",
                  "decimalMaximum": "99",
                  "characterSet": "[0-9]*",
                  "length": 2,
                  "padChar": "0",
                  "padDir": "LEFT",
                  "name": "itemref"
                },
                {
                  "seq": 3,
                  "decimalMinimum": "0",
                  "decimalMaximum": "274877906943",
                  "characterSet": "[0-9]*",
                  "name": "serial"
                }
              ]
            },
            {
              "optionKey": "10",
              "pattern": "^urn:epc:id:sgtin:([0-9]{10})\\.([0-9]{3})\\.([0-9]{1,12})$",
              "grammar": "'urn:epc:id:sgtin:' gs1companyprefix '.' itemref '.' serial",
              "field": [
                {
                  "seq": 1,
                  "decimalMinimum": "0",
                  "decimalMaximum": "9999999999",
                  "characterSet": "[0-9]*",
                  "length": 10,
                  "padChar": "0",
                  "padDir": "LEFT",
                  "name": "gs1companyprefix"
                },
                {
                  "seq": 2,
                  "decimalMinimum": "0",
                  "decimalMaximum": "999",
                  "characterSet": "[0-9]*",
                  "length": 3,
                  "padChar": "0",
                  "padDir": "LEFT",
                  "name": "itemref"
                },
                {
                  "seq": 3,
                  "decimalMinimum": "0",
                  "decimalMaximum": "274877906943",
                  "characterSet": "[0-9]*",
                  "name": "serial"
                }
              ]
            },
            {
              "optionKey": "9",
              "pattern": "^urn:epc:id:sgtin:([0-9]{9})\\.([0-9]{4})\\.([0-9]{1,12})$",
              "grammar": "'urn:epc:id:sgtin:' gs1companyprefix '.' itemref '.' serial",
              "field": [
                {
                  "seq": 1,
                  "decimalMinimum": "0",
                  "decimalMaximum": "999999999",
                  "characterSet": "[0-9]*",
                  "length": 9,
                  "padChar": "0",
                  "padDir": "LEFT",
                  "name": "gs1companyprefix"
                },
                {
                  "seq": 2,
                  "decimalMinimum": "0",
                  "decimalMaximum": "9999",
                  "characterSet": "[0-9]*",
                  "length": 4,
                  "padChar": "0",
                  "padDir": "LEFT",
                  "name": "itemref"
                },
                {
                  "seq": 3,
                  "decimalMinimum": "0",
                  "decimalMaximum": "274877906943",
                  "characterSet": "[0-9]*",
                  "name": "serial"
                }
              ]
            },
            {
              "optionKey": "8",
              "pattern": "^urn:epc:id:sgtin:([0-9]{8})\\.([0-9]{5})\\.([0-9]{1,12})$",
              "grammar": "'urn:epc:id:sgtin:' gs1companyprefix '.' itemref '.' serial",
              "field": [
                {
                  "seq": 1,
                  "decimalMinimum": "0",
                  "decimalMaximum": "99999999",
                  "characterSet": "[0-9]*",
                  "length": 8,
                  "padChar": "0",
                  "padDir": "LEFT",
                  "name": "gs1companyprefix"
                },
                {
                  "seq": 2,
                  "decimalMinimum": "0",
                  "decimalMaximum": "99999",
                  "characterSet": "[0-9]*",
                  "length": 5,
                  "padChar": "0",
                  "padDir": "LEFT",
                  "name": "itemref"
                },
                {
                  "seq": 3,
                  "decimalMinimum": "0",
                  "decimalMaximum": "274877906943",
                  "characterSet": "[0-9]*",
                  "name": "serial"
                }
              ]
            },
            {
              "optionKey": "7",
              "pattern": "^urn:epc:id:sgtin:([0-9]{7})\\.([0-9]{6})\\.([0-9]{1,12})$",
              "grammar": "'urn:epc:id:sgtin:' gs1companyprefix '.' itemref '.' serial",
              "field": [
                {
                  "seq": 1,
                  "decimalMinimum": "0",
                  "decimalMaximum": "9999999",
                  "characterSet": "[0-9]*",
                  "length": 7,
                  "padChar": "0",
                  "padDir": "LEFT",
                  "name": "gs1companyprefix"
                },
                {
                  "seq": 2,
                  "decimalMinimum": "0",
                  "decimalMaximum": "999999",
                  "characterSet": "[0-9]*",
                  "length": 6,
                  "padChar": "0",
                  "padDir": "LEFT",
                  "name": "itemref"
                },
                {
                  "seq": 3,
                  "decimalMinimum": "0",
                  "decimalMaximum": "274877906943",
                  "characterSet": "[0-9]*",
                  "name": "serial"
                }
              ]
            },
            {
              "optionKey": "6",
              "pattern": "^urn:epc:id:sgtin:([0-9]{6})\\.([0-9]{7})\\.([0-9]{1,12})$",
              "grammar": "'urn:epc:id:sgtin:' gs1companyprefix '.' itemref '.' serial",
              "field": [
                {
                  "seq": 1,
                  "decimalMinimum": "0",
                  "decimalMaximum": "999999",
                  "characterSet": "[0-9]*",
                  "length": 6,
                  "padChar": "0",
                  "padDir": "LEFT",
                  "name": "gs1companyprefix"
                },
                {
                  "seq": 2,
                  "decimalMinimum": "0",
                  "decimalMaximum": "9999999",
                  "characterSet": "[0-9]*",
                  "length": 7,
                  "padChar": "0",
                  "padDir": "LEFT",
                  "name": "itemref"
                },
                {
                  "seq": 3,
                  "decimalMinimum": "0",
                  "decimalMaximum": "274877906943",
                  "characterSet": "[0-9]*",
                  "name": "serial"
                }
              ]
            }
          ]
        },
        {
          "type": "BARE_IDENTIFIER",
          "prefixMatch": "gtin=",
          "requiredParsingParameters": "gs1companyprefixlength",
          "option": [
            {
              "optionKey": "12",
              "pattern": "^gtin=([0-9]{14});serial=([0-9]{1,12})$",
              "grammar": "'gtin=' indicatordigit gs1companyprefix itemrefremainder checkdigit ';serial=' serial",
              "field": [
                {
                  "seq": 1,
                  "decimalMinimum": "0",
                  "decimalMaximum": "99999999999999",
                  "characterSet": "[0-9]*",
                  "length": 14,
                  "padChar": "0",
                  "padDir": "LEFT",
                  "name": "gtin",
                  "gcpOffset": 1
                },
                {
                  "seq": 2,
                  "decimalMinimum": "0",
                  "decimalMaximum": "274877906943",
                  "characterSet": "[0-9]*",
                  "name": "serial"
                }
              ]
            },
            {
              "optionKey": "11",
              "pattern": "^gtin=([0-9]{14});serial=([0-9]{1,12})$",
              "grammar": "'gtin=' indicatordigit gs1companyprefix itemrefremainder checkdigit ';serial=' serial",
              "field": [
                {
                  "seq": 1,
                  "decimalMinimum": "0",
                  "decimalMaximum": "99999999999999",
                  "characterSet": "[0-9]*",
                  "length": 14,
                  "padChar": "0",
                  "padDir": "LEFT",
                  "name": "gtin",
                  "gcpOffset": 1
                },
                {
                  "seq": 2,
                  "decimalMinimum": "0",
                  "decimalMaximum": "274877906943",
                  "characterSet": "[0-9]*",
                  "name": "serial"
                }
              ]
            },
            {
              "optionKey": "10",
              "pattern": "^gtin=([0-9]{14});serial=([0-9]{1,12})$",
              "grammar": "'gtin=' indicatordigit gs1companyprefix itemrefremainder checkdigit ';serial=' serial",
              "field": [
                {
                  "seq": 1,
                  "decimalMinimum": "0",
                  "decimalMaximum": "99999999999999",
                  "characterSet": "[0-9]*",
                  "length": 14,
                  "padChar": "0",
                  "padDir": "LEFT",
                  "name": "gtin",
                  "gcpOffset": 1
                },
                {
                  "seq": 2,
                  "decimalMinimum": "0",
                  "decimalMaximum": "274877906943",
                  "characterSet": "[0-9]*",
                  "name": "serial"
                }
              ]
            },
            {
              "optionKey": "9",
              "pattern": "^gtin=([0-9]{14});serial=([0-9]{1,12})$",
              "grammar": "'gtin=' indicatordigit gs1companyprefix itemrefremainder checkdigit ';serial=' serial",
              "field": [
                {
                  "seq": 1,
                  "decimalMinimum": "0",
                  "decimalMaximum": "99999999999999",
                  "characterSet": "[0-9]*",
                  "length": 14,
                  "padChar": "0",
                  "padDir": "LEFT",
                  "name": "gtin",
                  "gcpOffset": 1
                },
                {
                  "seq": 2,
                  "decimalMinimum": "0",
                  "decimalMaximum": "274877906943",
                  "characterSet": "[0-9]*",
                  "name": "serial"
                }
              ]
            },
            {
              "optionKey": "8",
              "pattern": "^gtin=([0-9]{14});serial=([0-9]{1,12})$",
              "grammar": "'gtin=' indicatordigit gs1companyprefix itemrefremainder checkdigit ';serial=' serial",
              "field": [
                {
                  "seq": 1,
                  "decimalMinimum": "0",
                  "decimalMaximum": "99999999999999",
                  "characterSet": "[0-9]*",
                  "length": 14,
                  "padChar": "0",
                  "padDir": "LEFT",
                  "name": "gtin",
                  "gcpOffset": 1
                },
                {
                  "seq": 2,
                  "decimalMinimum": "0",
                  "decimalMaximum": "274877906943",
                  "characterSet": "[0-9]*",
                  "name": "serial"
                }
              ]
            },
            {
              "optionKey": "7",
              "pattern": "^gtin=([0-9]{14});serial=([0-9]{1,12})$",
              "grammar": "'gtin=' indicatordigit gs1companyprefix itemrefremainder checkdigit ';serial=' serial",
              "field": [
                {
                  "seq": 1,
                  "decimalMinimum": "0",
                  "decimalMaximum": "99999999999999",
                  "characterSet": "[0-9]*",
                  "length": 14,
                  "padChar": "0",
                  "padDir": "LEFT",
                  "name": "gtin",
                  "gcpOffset": 1
                },
                {
                  "seq": 2,
                  "decimalMinimum": "0",
                  "decimalMaximum": "274877906943",
                  "characterSet": "[0-9]*",
                  "name": "serial"
                }
              ]
            },
            {
              "optionKey": "6",
              "pattern": "^gtin=([0-9]{14});serial=([0-9]{1,12})$",
              "grammar": "'gtin=' indicatordigit gs1companyprefix itemrefremainder checkdigit ';serial=' serial",
              "field": [
                {
                  "seq": 1,
                  "decimalMinimum": "0",
                  "decimalMaximum": "99999999999999",
                  "characterSet": "[0-9]*",
                  "length": 14,
                  "padChar": "0",
                  "padDir": "LEFT",
                  "name": "gtin",
                  "gcpOffset": 1
                },
                {
                  "seq": 2,
                  "decimalMinimum": "0",
                  "decimalMaximum": "274877906943",
                  "characterSet": "[0-9]*",
                  "name": "serial"
                }
              ]
            }
          ],
          "rule": [
            {
              "type": "EXTRACT",
              "inputFormat": "STRING",
              "seq": 1,
              "newFieldName": "gtinprefixremainder",
              "characterSet": "[0-9]*",
              "length": 12,
              "function": "SUBSTR(gtin,1,12)"
            },
            {
              "type": "EXTRACT",
              "inputFormat": "STRING",
              "seq": 2,
              "newFieldName": "indicatordigit",
              "characterSet": "[0-9]*",
              "length": 1,
              "function": "SUBSTR(gtin,0,1)"
            },
            {
              "type": "EXTRACT",
              "inputFormat": "STRING",
              "seq": 3,
              "newFieldName": "itemrefremainder",
              "characterSet": "[0-9]*",
              "function": "SUBSTR(gtinprefixremainder,gs1companyprefixlength)"
            },
            {
              "type": "EXTRACT",
              "inputFormat": "STRING",
              "seq": 4,
              "newFieldName": "itemref",
              "characterSet": "[0-9]*",
              "function": "CONCAT(indicatordigit,itemrefremainder)"
            },
            {
              "type": "EXTRACT",
              "inputFormat": "STRING",
              "seq": 5,
              "newFieldName": "gs1companyprefix",
              "characterSet": "[0-9]*",
              "function": "SUBSTR(gtinprefixremainder,0,gs1companyprefixlength)"
            },
            {
              "type": "FORMAT",
              "inputFormat": "STRING",
              "seq": 1,
              "newFieldName": "indicatordigit",
              "characterSet": "[0-9]*",
              "length": 1,
              "function": "SUBSTR(itemref,0,1)"
            },
            {
              "type": "FORMAT",
              "inputFormat": "STRING",
              "seq": 2,
              "newFieldName": "itemrefremainder",
              "characterSet": "[0-9]*",
              "function": "SUBSTR(itemref,1)"
            },
            {
              "type": "FORMAT",
              "inputFormat": "STRING",
              "seq": 3,
              "newFieldName": "gtinprefix",
              "characterSet": "[0-9]*",
              "length": 13,
              "function": "CONCAT(indicatordigit,gs1companyprefix,itemrefremainder)"
            },
            {
              "type": "FORMAT",
              "inputFormat": "STRING",
              "seq": 4,
              "newFieldName": "checkdigit",
              "characterSet": "[0-9]*",
              "length": 1,
              "function": "GS1CHECKSUM(gtinprefix)"
            }
          ]
        },
        {
          "type": "GS1_AI_JSON",
          "prefixMatch": "{",
          "requiredParsingParameters": "gs1companyprefixlength",
          "option": [
            {
              "optionKey": "12",
              "pattern": "^\\{\\s*\"01\"\\s*:\\s*\"([0-9]{14})\"\\s*,\\s*\"21\"\\s*:\\s*\"([0-9]{1,12})\"",
              "grammar": "'{\"01\":\"' indicatordigit gs1companyprefix itemrefremainder checkdigit '\",\"21\":\"' serial '\"}'",
              "aiSequence": [
                "01",
                "21"
              ],
              "field": [
                {
                  "seq": 1,
                  "decimalMinimum": "0",
                  "decimalMaximum": "99999999999999",
                  "characterSet": "[0-9]*",
                  "length": 14,
                  "padChar": "0",
                  "padDir": "LEFT",
                  "name": "gtin",
                  "gcpOffset": 1
                },
                {
                  "seq": 2,
                  "decimalMinimum": "0",
                  "decimalMaximum": "274877906943",
                  "characterSet": "[0-9]*",
                  "name": "serial"
                }
              ]
            },
            {
              "optionKey": "11",
              "pattern": "^\\{\\s*\"01\"\\s*:\\s*\"([0-9]{14})\"\\s*,\\s*\"21\"\\s*:\\s*\"([0-9]{1,12})\"",
              "grammar": "'{\"01\":\"' indicatordigit gs1companyprefix itemrefremainder checkdigit '\",\"21\":\"' serial '\"}'",
              "aiSequence": [
                "01",
                "21"
              ],
              "field": [
                {
                  "seq": 1,
                  "decimalMinimum": "0",
                  "decimalMaximum": "99999999999999",
                  "characterSet": "[0-9]*",
                  "length": 14,
                  "padChar": "0",
                  "padDir": "LEFT",
                  "name": "gtin",
                  "gcpOffset": 1
                },
                {
                  "seq": 2,
                  "decimalMinimum": "0",
                  "decimalMaximum": "274877906943",
                  "characterSet": "[0-9]*",
                  "name": "serial"
                }
              ]
            },
            {
              "optionKey": "10",
              "pattern": "^\\{\\s*\"01\"\\s*:\\s*\"([0-9]{14})\"\\s*,\\s*\"21\"\\s*:\\s*\"([0-9]{1,12})\"",
              "grammar": "'{\"01\":\"' indicatordigit gs1companyprefix itemrefremainder checkdigit '\",\"21\":\"' serial '\"}'",
              "aiSequence": [
                "01",
                "21"
              ],
              "field": [
                {
                  "seq": 1,
                  "decimalMinimum": "0",
                  "decimalMaximum": "99999999999999",
                  "characterSet": "[0-9]*",
                  "length": 14,
                  "padChar": "0",
                  "padDir": "LEFT",
                  "name": "gtin",
                  "gcpOffset": 1
                },
                {
                  "seq": 2,
                  "decimalMinimum": "0",
                  "decimalMaximum": "274877906943",
                  "characterSet": "[0-9]*",
                  "name": "serial"
                }
              ]
            },
            {
              "optionKey": "9",
              "pattern": "^\\{\\s*\"01\"\\s*:\\s*\"([0-9]{14})\"\\s*,\\s*\"21\"\\s*:\\s*\"([0-9]{1,12})\"",
              "grammar": "'{\"01\":\"' indicatordigit gs1companyprefix itemrefremainder checkdigit '\",\"21\":\"' serial '\"}'",
              "aiSequence": [
                "01",
                "21"
              ],
              "field": [
                {
                  "seq": 1,
                  "decimalMinimum": "0",
                  "decimalMaximum": "99999999999999",
                  "characterSet": "[0-9]*",
                  "length": 14,
                  "padChar": "0",
                  "padDir": "LEFT",
                  "name": "gtin",
                  "gcpOffset": 1
                },
                {
                  "seq": 2,
                  "decimalMinimum": "0",
                  "decimalMaximum": "274877906943",
                  "characterSet": "[0-9]*",
                  "name": "serial"
                }
              ]
            },
            {
              "optionKey": "8",
              "pattern": "^\\{\\s*\"01\"\\s*:\\s*\"([0-9]{14})\"\\s*,\\s*\"21\"\\s*:\\s*\"([0-9]{1,12})\"",
              "grammar": "'{\"01\":\"' indicatordigit gs1companyprefix itemrefremainder checkdigit '\",\"21\":\"' serial '\"}'",
              "aiSequence": [
                "01",
                "21"
              ],
              "field": [
                {
                  "seq": 1,
                  "decimalMinimum": "0",
                  "decimalMaximum": "99999999999999",
                  "characterSet": "[0-9]*",
                  "length": 14,
                  "padChar": "0",
                  "padDir": "LEFT",
                  "name": "gtin",
                  "gcpOffset": 1
                },
                {
                  "seq": 2,
                  "decimalMinimum": "0",
                  "decimalMaximum": "274877906943",
                  "characterSet": "[0-9]*",
                  "name": "serial"
                }
              ]
            },
            {
              "optionKey": "7",
              "pattern": "^\\{\\s*\"01\"\\s*:\\s*\"([0-9]{14})\"\\s*,\\s*\"21\"\\s*:\\s*\"([0-9]{1,12})\"",
              "grammar": "'{\"01\":\"' indicatordigit gs1companyprefix itemrefremainder checkdigit '\",\"21\":\"' serial '\"}'",
              "aiSequence": [
                "01",
                "21"
              ],
              "field": [
                {
                  "seq": 1,
                  "decimalMinimum": "0",
                  "decimalMaximum": "99999999999999",
                  "characterSet": "[0-9]*",
                  "length": 14,
                  "padChar": "0",
                  "padDir": "LEFT",
                  "name": "gtin",
                  "gcpOffset": 1
                },
                {
                  "seq": 2,
                  "decimalMinimum": "0",
                  "decimalMaximum": "274877906943",
                  "characterSet": "[0-9]*",
                  "name": "serial"
                }
              ]
            },
            {
              "optionKey": "6",
              "pattern": "^\\{\\s*\"01\"\\s*:\\s*\"([0-9]{14})\"\\s*,\\s*\"21\"\\s*:\\s*\"([0-9]{1,12})\"",
              "grammar": "'{\"01\":\"' indicatordigit gs1companyprefix itemrefremainder checkdigit '\",\"21\":\"' serial '\"}'",
              "aiSequence": [
                "01",
                "21"
              ],
              "field": [
                {
                  "seq": 1,
                  "decimalMinimum": "0",
                  "decimalMaximum": "99999999999999",
                  "characterSet": "[0-9]*",
                  "length": 14,
                  "padChar": "0",
                  "padDir": "LEFT",
                  "name": "gtin",
                  "gcpOffset": 1
                },
                {
                  "seq": 2,
                  "decimalMinimum": "0",
                  "decimalMaximum": "274877906943",
                  "characterSet": "[0-9]*",
                  "name": "serial"
                }
              ]
            }
          ],
          "rule": [
            {
              "type": "EXTRACT",
              "inputFormat": "STRING",
              "seq": 1,
              "newFieldName": "gtinprefixremainder",
              "characterSet": "[0-9]*",
              "length": 12,
              "function": "SUBSTR(gtin,1,12)"
            },
            {
              "type": "EXTRACT",
              "inputFormat": "STRING",
              "seq": 2,
              "newFieldName": "indicatordigit",
              "characterSet": "[0-9]*",
              "length": 1,
              "function": "SUBSTR(gtin,0,1)"
            },
            {
              "type": "EXTRACT",
              "inputFormat": "STRING",
              "seq": 3,
              "newFieldName": "itemrefremainder",
              "characterSet": "[0-9]*",
              "function": "SUBSTR(gtinprefixremainder,gs1companyprefixlength)"
            },
            {
              "type": "EXTRACT",
              "inputFormat": "STRING",
              "seq": 4,
              "newFieldName": "itemref",
              "characterSet": "[0-9]*",
              "function": "CONCAT(indicatordigit,itemrefremainder)"
            },
            {
              "type": "EXTRACT",
              "inputFormat": "STRING",
              "seq": 5,
              "newFieldName": "gs1companyprefix",
              "characterSet": "[0-9]*",
              "function": "SUBSTR(gtinprefixremainder,0,gs1companyprefixlength)"
            },
            {
              "type": "FORMAT",
              "inputFormat": "STRING",
              "seq": 1,
              "newFieldName": "indicatordigit",
              "characterSet": "[0-9]*",
              "length": 1,
              "function": "SUBSTR(itemref,0,1)"
            },
            {
              "type": "FORMAT",
              "inputFormat": "STRING",
              "seq": 2,
              "newFieldName": "itemrefremainder",
              "characterSet": "[0-9]*",
              "function": "SUBSTR(itemref,1)"
            },
            {
              "type": "FORMAT",
              "inputFormat": "STRING",
              "seq": 3,
              "newFieldName": "gtinprefix",
              "characterSet": "[0-9]*",
              "length": 13,
              "function": "CONCAT(indicatordigit,gs1companyprefix,itemrefremainder)"
            },
            {
              "type": "FORMAT",
              "inputFormat": "STRING",
              "seq": 4,
              "newFieldName": "checkdigit",
              "characterSet": "[0-9]*",
              "length": 1,
              "function": "GS1CHECKSUM(gtinprefix)"
            }
          ]
        },
        {
          "type": "GS1_DIGITAL_LINK",
          "prefixMatch": "http",
          "requiredFormattingParameters": "uriStem",
          "requiredParsingParameters": "gs1companyprefixlength",
          "dlpKeyQualifiers": [
            "22",
            "10",
            "21"
          ],
          "option": [
            {
              "optionKey": "12",
              "pattern": "\\/01\\/([0-9]{14})\\/21\\/([0-9]{1,12})(?:\\?|$)",
              "grammar": "uriStem '/01/' indicatordigit gs1companyprefix itemrefremainder checkdigit '/21/' serial",
              "aiSequence": [
                "01",
                "21"
              ],
              "field": [
                {
                  "seq": 1,
                  "decimalMinimum": "0",
                  "decimalMaximum": "99999999999999",
                  "characterSet": "[0-9]*",
                  "length": 14,
                  "padChar": "0",
                  "padDir": "LEFT",
                  "name": "gtin",
                  "gcpOffset": 1
                },
                {
                  "seq": 2,
                  "decimalMinimum": "0",
                  "decimalMaximum": "274877906943",
                  "characterSet": "[0-9]*",
                  "name": "serial"
                }
              ]
            },
            {
              "optionKey": "11",
              "pattern": "\\/01\\/([0-9]{14})\\/21\\/([0-9]{1,12})(?:\\?|$)",
              "grammar": "uriStem '/01/' indicatordigit gs1companyprefix itemrefremainder checkdigit '/21/' serial",
              "aiSequence": [
                "01",
                "21"
              ],
              "field": [
                {
                  "seq": 1,
                  "decimalMinimum": "0",
                  "decimalMaximum": "99999999999999",
                  "characterSet": "[0-9]*",
                  "length": 14,
                  "padChar": "0",
                  "padDir": "LEFT",
                  "name": "gtin",
                  "gcpOffset": 1
                },
                {
                  "seq": 2,
                  "decimalMinimum": "0",
                  "decimalMaximum": "274877906943",
                  "characterSet": "[0-9]*",
                  "name": "serial"
                }
              ]
            },
            {
              "optionKey": "10",
              "pattern": "\\/01\\/([0-9]{14})\\/21\\/([0-9]{1,12})(?:\\?|$)",
              "grammar": "uriStem '/01/' indicatordigit gs1companyprefix itemrefremainder checkdigit '/21/' serial",
              "aiSequence": [
                "01",
                "21"
              ],
              "field": [
                {
                  "seq": 1,
                  "decimalMinimum": "0",
                  "decimalMaximum": "99999999999999",
                  "characterSet": "[0-9]*",
                  "length": 14,
                  "padChar": "0",
                  "padDir": "LEFT",
                  "name": "gtin",
                  "gcpOffset": 1
                },
                {
                  "seq": 2,
                  "decimalMinimum": "0",
                  "decimalMaximum": "274877906943",
                  "characterSet": "[0-9]*",
                  "name": "serial"
                }
              ]
            },
            {
              "optionKey": "9",
              "pattern": "\\/01\\/([0-9]{14})\\/21\\/([0-9]{1,12})(?:\\?|$)",
              "grammar": "uriStem '/01/' indicatordigit gs1companyprefix itemrefremainder checkdigit '/21/' serial",
              "aiSequence": [
                "01",
                "21"
              ],
              "field": [
                {
                  "seq": 1,
                  "decimalMinimum": "0",
                  "decimalMaximum": "99999999999999",
                  "characterSet": "[0-9]*",
                  "length": 14,
                  "padChar": "0",
                  "padDir": "LEFT",
                  "name": "gtin",
                  "gcpOffset": 1
                },
                {
                  "seq": 2,
                  "decimalMinimum": "0",
                  "decimalMaximum": "274877906943",
                  "characterSet": "[0-9]*",
                  "name": "serial"
                }
              ]
            },
            {
              "optionKey": "8",
              "pattern": "\\/01\\/([0-9]{14})\\/21\\/([0-9]{1,12})(?:\\?|$)",
              "grammar": "uriStem '/01/' indicatordigit gs1companyprefix itemrefremainder checkdigit '/21/' serial",
              "aiSequence": [
                "01",
                "21"
              ],
              "field": [
                {
                  "seq": 1,
                  "decimalMinimum": "0",
                  "decimalMaximum": "99999999999999",
                  "characterSet": "[0-9]*",
                  "length": 14,
                  "padChar": "0",
                  "padDir": "LEFT",
                  "name": "gtin",
                  "gcpOffset": 1
                },
                {
                  "seq": 2,
                  "decimalMinimum": "0",
                  "decimalMaximum": "274877906943",
                  "characterSet": "[0-9]*",
                  "name": "serial"
                }
              ]
            },
            {
              "optionKey": "7",
              "pattern": "\\/01\\/([0-9]{14})\\/21\\/([0-9]{1,12})(?:\\?|$)",
              "grammar": "uriStem '/01/' indicatordigit gs1companyprefix itemrefremainder checkdigit '/21/' serial",
              "aiSequence": [
                "01",
                "21"
              ],
              "field": [
                {
                  "seq": 1,
                  "decimalMinimum": "0",
                  "decimalMaximum": "99999999999999",
                  "characterSet": "[0-9]*",
                  "length": 14,
                  "padChar": "0",
                  "padDir": "LEFT",
                  "name": "gtin",
                  "gcpOffset": 1
                },
                {
                  "seq": 2,
                  "decimalMinimum": "0",
                  "decimalMaximum": "274877906943",
                  "characterSet": "[0-9]*",
                  "name": "serial"
                }
              ]
            },
            {
              "optionKey": "6",
              "pattern": "\\/01\\/([0-9]{14})\\/21\\/([0-9]{1,12})(?:\\?|$)",
              "grammar": "uriStem '/01/' indicatordigit gs1companyprefix itemrefremainder checkdigit '/21/' serial",
              "aiSequence": [
                "01",
                "21"
              ],
              "field": [
                {
                  "seq": 1,
                  "decimalMinimum": "0",
                  "decimalMaximum": "99999999999999",
                  "characterSet": "[0-9]*",
                  "length": 14,
                  "padChar": "0",
                  "padDir": "LEFT",
                  "name": "gtin",
                  "gcpOffset": 1
                },
                {
                  "seq": 2,
                  "decimalMinimum": "0",
                  "decimalMaximum": "274877906943",
                  "characterSet": "[0-9]*",
                  "name": "serial"
                }
              ]
            }
          ],
          "rule": [
            {
              "type": "EXTRACT",
              "inputFormat": "STRING",
              "seq": 1,
              "newFieldName": "gtinprefixremainder",
              "characterSet": "[0-9]*",
              "length": 12,
              "function": "SUBSTR(gtin,1,12)"
            },
            {
              "type": "EXTRACT",
              "inputFormat": "STRING",
              "seq": 2,
              "newFieldName": "indicatordigit",
              "characterSet": "[0-9]*",
              "length": 1,
              "function": "SUBSTR(gtin,0,1)"
            },
            {
              "type": "EXTRACT",
              "inputFormat": "STRING",
              "seq": 3,
              "newFieldName": "itemrefremainder",
              "characterSet": "[0-9]*",
              "function": "SUBSTR(gtinprefixremainder,gs1companyprefixlength)"
            },
            {
              "type": "EXTRACT",
              "inputFormat": "STRING",
              "seq": 4,
              "newFieldName": "itemref",
              "characterSet": "[0-9]*",
              "function": "CONCAT(indicatordigit,itemrefremainder)"
            },
            {
              "type": "EXTRACT",
              "inputFormat": "STRING",
              "seq": 5,
              "newFieldName": "gs1companyprefix",
              "characterSet": "[0-9]*",
              "function": "SUBSTR(gtinprefixremainder,0,gs1companyprefixlength)"
            },
            {
              "type": "FORMAT",
              "inputFormat": "STRING",
              "seq": 1,
              "newFieldName": "indicatordigit",
              "characterSet": "[0-9]*",
              "length": 1,
              "function": "SUBSTR(itemref,0,1)"
            },
            {
              "type": "FORMAT",
              "inputFormat": "STRING",
              "seq": 2,
              "newFieldName": "itemrefremainder",
              "characterSet": "[0-9]*",
              "function": "SUBSTR(itemref,1)"
            },
            {
              "type": "FORMAT",
              "inputFormat": "STRING",
              "seq": 3,
              "newFieldName": "gtinprefix",
              "characterSet": "[0-9]*",
              "length": 13,
              "function": "CONCAT(indicatordigit,gs1companyprefix,itemrefremainder)"
            },
            {
              "type": "FORMAT",
              "inputFormat": "STRING",
              "seq": 4,
              "newFieldName": "checkdigit",
              "characterSet": "[0-9]*",
              "length": 1,
              "function": "GS1CHECKSUM(gtinprefix)"
            }
          ],
          "gs1DigitalLinkKeyQualifiers": [
            "22",
            "10",
            "21"
          ]
        }
      ]
    }
  }
}