{
  "tdt:epcTagDataTranslation": {
    "version": "2.2",
    "date": "2024-11-18T16:30:00Z",
    "epcTDSVersion": "2.2",
    "scheme": {
      "name": "SGTIN+",
      "optionKey": "1",
      "level": [
        {
          "type": "BINARY",
          "prefixMatch": "11110111",
          "requiredFormattingParameters": "filter,dataToggle",
          "option": [
            {
              "optionKey": "1",
              "pattern": "^11110111([01])([01]{3})",
              "grammar": "'11110111' dataToggle filter encodedAI",
              "field": [
                {
                  "seq": 1,
                  "decimalMinimum": "0",
                  "decimalMaximum": "1",
                  "characterSet": "[01]*",
                  "bitPadDir": "LEFT",
                  "bitLength": 1,
                  "name": "dataToggle"
                },
                {
                  "seq": 2,
                  "decimalMinimum": "0",
                  "decimalMaximum": "7",
                  "characterSet": "[01]*",
                  "bitPadDir": "LEFT",
                  "bitLength": 3,
                  "name": "filter"
                }
              ],
              "encodedAI": [
                {
                  "ai": "01",
                  "name": "gtin",
                  "seq": 3
                },
                {
                  "ai": "21",
                  "name": "serial",
                  "seq": 4
                }
              ]
            }
          ]
        },
        {
          "type": "BARE_IDENTIFIER",
          "prefixMatch": "gtin=",
          "option": [
            {
              "optionKey": "1",
              "pattern": "^gtin=([0-9]{14});serial=([!%-?A-Z_a-z\\x22]{1,20})$",
              "grammar": "'gtin=' gtin ';serial=' serial",
              "field": [
                {
                  "seq": 1,
                  "decimalMinimum": "0",
                  "decimalMaximum": "99999999999999",
                  "characterSet": "[0-9]*",
                  "length": 14,
                  "padChar": "0",
                  "padDir": "LEFT",
                  "name": "gtin"
                },
                {
                  "seq": 2,
                  "characterSet": "[!%-?A-Z_a-z\\x22]*",
                  "name": "serial"
                }
              ]
            }
          ]
        },
        {
          "type": "GS1_AI_JSON",
          "prefixMatch": "{",
          "option": [
            {
              "optionKey": "1",
              "pattern": "^\\{\\s*\"01\"\\s*:\\s*\"([0-9]{14})\"\\s*,\\s*\"21\"\\s*:\\s*\"((?:[!%-?A-Z_a-z]|\\\\\"){1,20})\"",
              "grammar": "'{\"01\":\"' gtin '\",\"21\":\"' serial '\"}'",
              "aiSequence": [
                "01",
                "21"
              ],
              "field": [
                {
                  "seq": 1,
                  "decimalMinimum": "0",
                  "decimalMaximum": "99999999999999",
                  "characterSet": "[0-9]*",
                  "length": 14,
                  "padChar": "0",
                  "padDir": "LEFT",
                  "name": "gtin"
                },
                {
                  "seq": 2,
                  "characterSet": "[!%-?A-Z_a-z\\x22]*",
                  "name": "serial"
                }
              ]
            }
          ]
        },
        {
          "type": "GS1_DIGITAL_LINK",
          "prefixMatch": "http",
          "requiredFormattingParameters": "uriStem",
          "gs1DigitalLinkKeyQualifiers": [
            "22",
            "10",
            "21"
          ],
          "option": [
            {
              "optionKey": "1",
              "pattern": "\\/01\\/([0-9]{14})\\/21\\/((?:[A-Za-z0-9\"._-]|%21|%26|%27|%28|%29|%2A|%2B|%2C|%2F|%3A|%3B|%3C|%3D|%3E|%3F|%25){1,20})(?:\\?|$)",
              "grammar": "uriStem '/01/' gtin '/21/' urlEscapedSerial",
              "aiSequence": [
                "01",
                "21"
              ],
              "field": [
                {
                  "seq": 1,
                  "decimalMinimum": "0",
                  "decimalMaximum": "99999999999999",
                  "characterSet": "[0-9]*",
                  "length": 14,
                  "padChar": "0",
                  "padDir": "LEFT",
                  "name": "gtin"
                },
                {
                  "seq": 2,
                  "characterSet": "((?:[A-Za-z0-9\"._-]|%21|%26|%27|%28|%29|%2A|%2B|%2C|%2F|%3A|%3B|%3C|%3D|%3E|%3F|%25)*",
                  "name": "urlEscapedSerial"
                }
              ]
            }
          ],
          "rule": [
            {
              "type": "EXTRACT",
              "inputFormat": "STRING",
              "seq": 1,
              "newFieldName": "serial",
              "characterSet": "[!%-?A-Z_a-z\\x22]*",
              "function": "URLDECODE(urlEscapedSerial)"
            },
            {
              "type": "FORMAT",
              "inputFormat": "STRING",
              "seq": 1,
              "newFieldName": "urlEscapedSerial",
              "characterSet": "(?:[A-Za-z0-9\"._-]|%21|%26|%27|%28|%29|%2A|%2B|%2C|%2F|%3A|%3B|%3C|%3D|%3E|%3F|%25)*",
              "function": "URLENCODE(serial)"
            }
          ]
        }
      ]
    }
  }
}