{
  "tdt:epcTagDataTranslation": {
    "version": "2.2",
    "date": "2024-11-18T16:30:00Z",
    "epcTDSVersion": "2.2",
    "scheme": {
      "name": "SSCC+",
      "optionKey": "1",
      "level": [
        {
          "type": "BINARY",
          "prefixMatch": "11111001",
          "requiredFormattingParameters": "filter,dataToggle",
          "option": [
            {
              "optionKey": "1",
              "pattern": "^11111001([01])([01]{3})",
              "grammar": "'11111001' dataToggle filter encodedAI",
              "field": [
                {
                  "seq": 1,
                  "decimalMinimum": "0",
                  "decimalMaximum": "1",
                  "characterSet": "[01]*",
                  "bitPadDir": "LEFT",
                  "bitLength": 1,
                  "name": "dataToggle"
                },
                {
                  "seq": 2,
                  "decimalMinimum": "0",
                  "decimalMaximum": "7",
                  "characterSet": "[01]*",
                  "bitPadDir": "LEFT",
                  "bitLength": 3,
                  "name": "filter"
                }
              ],
              "encodedAI": [
                {
                  "ai": "00",
                  "name": "sscc",
                  "seq": 3
                }
              ]
            }
          ]
        },
        {
          "type": "BARE_IDENTIFIER",
          "prefixMatch": "sscc=",
          "option": [
            {
              "optionKey": "1",
              "pattern": "^sscc=([0-9]{18})$",
              "grammar": "'sscc=' sscc ",
              "field": [
                {
                  "seq": 1,
                  "decimalMinimum": "0",
                  "decimalMaximum": "999999999999999999",
                  "characterSet": "[0-9]*",
                  "length": 18,
                  "padChar": "0",
                  "padDir": "LEFT",
                  "name": "sscc"
                }
              ]
            }
          ]
        },
        {
          "type": "GS1_AI_JSON",
          "prefixMatch": "{",
          "option": [
            {
              "optionKey": "1",
              "pattern": "^\\{\\s*\"00\"\\s*:\\s*\"([0-9]{18})\"",
              "grammar": "'{\"00\":\"' sscc '\"}'",
              "aiSequence": [
                "00"
              ],
              "field": [
                {
                  "seq": 1,
                  "decimalMinimum": "0",
                  "decimalMaximum": "999999999999999999",
                  "characterSet": "[0-9]*",
                  "length": 18,
                  "padChar": "0",
                  "padDir": "LEFT",
                  "name": "sscc"
                }
              ]
            }
          ]
        },
        {
          "type": "GS1_DIGITAL_LINK",
          "prefixMatch": "http",
          "requiredFormattingParameters": "uriStem",
          "option": [
            {
              "optionKey": "1",
              "pattern": "\\/00\\/([0-9]{18})(?:\\?|$)",
              "grammar": "uriStem '/00/' sscc ",
              "field": [
                {
                  "seq": 1,
                  "decimalMinimum": "0",
                  "decimalMaximum": "999999999999999999",
                  "characterSet": "[0-9]*",
                  "length": 18,
                  "padChar": "0",
                  "padDir": "LEFT",
                  "name": "sscc"
                }
              ],
              "aiSequence": [
                "00"
              ]
            }
          ],
          "gs1DigitalLinkKeyQualifiers": []
        }
      ]
    }
  }
}