{
"tableID":"K",
"date": "2023-06-18T21:11:00Z",
"description":"Length of GS1 Application Identifier key based on initial two digits - based on GS1 Gen Specs v22 Figure 7.8.2-1 GS1 Application Identifier lengths",
"columns": [
	{"id":"a", "name":"Initial two digits", "description":"Initial two digits of a GS1 Application Identifier key"},
	{"id":"b", "name":"GS1 AI key length", "description":"Length of the GS1 Application Identifier key (2, 3 or 4 digits)"},
	{"id":"c", "name":"Additional bits to read", "description":"Number of additional bits to read beyond the initial 8 bits of the data header"}
],
"rows": [
	{"a":"00", "b":"2", "c":"0"},
	{"a":"01", "b":"2", "c":"0"},
	{"a":"02", "b":"2", "c":"0"},
	{"a":"10", "b":"2", "c":"0"},
	{"a":"11", "b":"2", "c":"0"},
	{"a":"12", "b":"2", "c":"0"},
	{"a":"13", "b":"2", "c":"0"},
	{"a":"15", "b":"2", "c":"0"},
	{"a":"16", "b":"2", "c":"0"},
	{"a":"17", "b":"2", "c":"0"},
	{"a":"20", "b":"2", "c":"0"},
	{"a":"21", "b":"2", "c":"0"},
	{"a":"22", "b":"2", "c":"0"},
	{"a":"23", "b":"3", "c":"4"},
	{"a":"24", "b":"3", "c":"4"},
	{"a":"25", "b":"3", "c":"4"},
	{"a":"30", "b":"2", "c":"0"},
	{"a":"31", "b":"4", "c":"8"},
	{"a":"32", "b":"4", "c":"8"},
	{"a":"33", "b":"4", "c":"8"},
	{"a":"34", "b":"4", "c":"8"},
	{"a":"35", "b":"4", "c":"8"},
	{"a":"36", "b":"4", "c":"8"},
	{"a":"37", "b":"2", "c":"0"},
	{"a":"39", "b":"4", "c":"8"},
	{"a":"40", "b":"3", "c":"4"},
	{"a":"41", "b":"3", "c":"4"},
	{"a":"42", "b":"3", "c":"4"},
	{"a":"43", "b":"4", "c":"8"},
	{"a":"70", "b":"4", "c":"8"},
	{"a":"71", "b":"3", "c":"4"},
	{"a":"72", "b":"4", "c":"8"},
	{"a":"80", "b":"4", "c":"8"},
	{"a":"81", "b":"4", "c":"8"},
	{"a":"82", "b":"4", "c":"8"},
	{"a":"90", "b":"2", "c":"0"},
	{"a":"91", "b":"2", "c":"0"},
	{"a":"92", "b":"2", "c":"0"},
	{"a":"93", "b":"2", "c":"0"},
	{"a":"94", "b":"2", "c":"0"},
	{"a":"95", "b":"2", "c":"0"},
	{"a":"96", "b":"2", "c":"0"},
	{"a":"97", "b":"2", "c":"0"},
	{"a":"98", "b":"2", "c":"0"},
	{"a":"99", "b":"2", "c":"0"}
	]
}


