[{
            "identificationKeyType": "01",
            "identificationKey": "09506000134352",
            "itemDescription": "Dal Giardino Risotto Rice with Mushrooms 411 gr",
            "dateInserted": "2020-06-30T08:12:31.567Z",
            "dateLastUpdated": "2023-12-19T21:06:55.600Z",
            "qualifierPath": "/",
            "active": true,
            "responses": [
                {
                    "linkType": "gs1:hasRetailers",
                    "ianaLanguage": "en",
                    "context": "us",
                    "mimeType": "text/html",
                    "linkTitle": "Where to buy",
                    "targetUrl": "https://dalgiardino.com/where-to-buy/",
                    "defaultLinkType": true,
                    "defaultIanaLanguage": true,
                    "defaultContext": true,
                    "defaultMimeType": true,
                    "fwqs": true,
                    "active": true
                },
                {
                    "linkType": "gs1:hasRetailers",
                    "ianaLanguage": "es",
                    "context": "es",
                    "mimeType": "text/html",
                    "linkTitle": "Donde comprar Dal Giardino",
                    "targetUrl": "https://dalgiardino.com/where-to-buy/index.html.es",
                    "defaultLinkType": true,
                    "defaultIanaLanguage": true,
                    "defaultContext": true,
                    "defaultMimeType": true,
                    "fwqs": true,
                    "active": true
                },
                {
                    "linkType": "gs1:hasRetailers",
                    "ianaLanguage": "vi",
                    "context": "vn",
                    "mimeType": "text/html",
                    "linkTitle": "Nơi bán",
                    "targetUrl": "https://dalgiardino.com/where-to-buy/index.html.vi",
                    "defaultLinkType": true,
                    "defaultIanaLanguage": true,
                    "defaultContext": true,
                    "defaultMimeType": true,
                    "fwqs": true,
                    "active": true
                },
                {
                    "linkType": "gs1:pip",
                    "ianaLanguage": "en-US",
                    "context": "us",
                    "mimeType": "text/html",
                    "linkTitle": "Product information",
                    "targetUrl": "https://dalgiardino.com/risotto-rice-with-mushrooms/",
                    "defaultLinkType": true,
                    "defaultIanaLanguage": true,
                    "defaultContext": true,
                    "defaultMimeType": true,
                    "fwqs": true,
                    "active": true
                },
                {
                    "linkType": "gs1:pip",
                    "ianaLanguage": "es",
                    "context": "es",
                    "mimeType": "text/html",
                    "linkTitle": "Información del Producto",
                    "targetUrl": "https://dalgiardino.com/risotto-rice-with-mushrooms/index.html.es",
                    "defaultLinkType": true,
                    "defaultIanaLanguage": true,
                    "defaultContext": true,
                    "defaultMimeType": true,
                    "fwqs": true,
                    "active": true
                },
                {
                    "linkType": "gs1:pip",
                    "ianaLanguage": "ja",
                    "context": "jp",
                    "mimeType": "text/html",
                    "linkTitle": "Product information",
                    "targetUrl": "https://dalgiardino.com/risotto-rice-with-mushrooms/index.html.ja",
                    "defaultLinkType": true,
                    "defaultIanaLanguage": true,
                    "defaultContext": true,
                    "defaultMimeType": true,
                    "fwqs": true,
                    "active": true
                },
                {
                    "linkType": "gs1:pip",
                    "ianaLanguage": "vi",
                    "context": "vn",
                    "mimeType": "text/html",
                    "linkTitle": "Trang thông tin sản phẩm",
                    "targetUrl": "https://dalgiardino.com/risotto-rice-with-mushrooms/index.html.vi",
                    "defaultLinkType": true,
                    "defaultIanaLanguage": true,
                    "defaultContext": true,
                    "defaultMimeType": true,
                    "fwqs": true,
                    "active": true
                },
                {
                    "linkType": "gs1:productSustainabilityInfo",
                    "ianaLanguage": "vi",
                    "context": "vn",
                    "mimeType": "text/html",
                    "linkTitle": "Phát triển bền vững và t IN STAGE TEST 1",
                    "targetUrl": "https://dalgiardino.com/about/index.html.vi",
                    "defaultLinkType": true,
                    "defaultIanaLanguage": true,
                    "defaultContext": true,
                    "defaultMimeType": true,
                    "fwqs": true,
                    "active": true
                },
                {
                    "linkType": "gs1:recipeInfo",
                    "ianaLanguage": "en",
                    "context": "us",
                    "mimeType": "text/html",
                    "linkTitle": "Wild Mushroom And Butternut Squash Risotto",
                    "targetUrl": "https://dalgiardino.com/mushroom-squash-risotto/",
                    "defaultLinkType": true,
                    "defaultIanaLanguage": true,
                    "defaultContext": true,
                    "defaultMimeType": true,
                    "fwqs": true,
                    "active": true
                },
                {
                    "linkType": "gs1:recipeInfo",
                    "ianaLanguage": "es",
                    "context": "es",
                    "mimeType": "text/html",
                    "linkTitle": "Recetas",
                    "targetUrl": "https://dalgiardino.com/mushroom-squash-risotto/index.html.es",
                    "defaultLinkType": true,
                    "defaultIanaLanguage": true,
                    "defaultContext": true,
                    "defaultMimeType": true,
                    "fwqs": true,
                    "active": true
                },
                {
                    "linkType": "gs1:recipeInfo",
                    "ianaLanguage": "ja",
                    "context": "jp",
                    "mimeType": "text/html",
                    "linkTitle": "キノコと砕いたバターナッツ入りのリゾット",
                    "targetUrl": "https://dalgiardino.com/mushroom-squash-risotto/index.html.ja",
                    "defaultLinkType": true,
                    "defaultIanaLanguage": true,
                    "defaultContext": true,
                    "defaultMimeType": true,
                    "fwqs": true,
                    "active": true
                },
                {
                    "linkType": "gs1:sustainabilityInfo",
                    "ianaLanguage": "en",
                    "context": "us",
                    "mimeType": "text/html",
                    "linkTitle": "About Dal Giardino",
                    "targetUrl": "https://dalgiardino.com/about/",
                    "defaultLinkType": true,
                    "defaultIanaLanguage": true,
                    "defaultContext": true,
                    "defaultMimeType": true,
                    "fwqs": true,
                    "active": true
                },
                {
                    "linkType": "gs1:sustainabilityInfo",
                    "ianaLanguage": "es",
                    "context": "es",
                    "mimeType": "text/html",
                    "linkTitle": "Sobre Dal Giardino",
                    "targetUrl": "https://dalgiardino.com/about/index.html.es",
                    "defaultLinkType": true,
                    "defaultIanaLanguage": true,
                    "defaultContext": true,
                    "defaultMimeType": true,
                    "fwqs": true,
                    "active": true
                },
                {
                    "linkType": "gs1:sustainabilityInfo",
                    "ianaLanguage": "vi",
                    "context": "vn",
                    "mimeType": "text/html",
                    "linkTitle": "Phát triển bền vững và t",
                    "targetUrl": "https://dalgiardino.com/about/index.html.vi",
                    "defaultLinkType": true,
                    "defaultIanaLanguage": true,
                    "defaultContext": true,
                    "defaultMimeType": true,
                    "fwqs": true,
                    "active": true
                }
            ]
        },
        {
            "identificationKeyType": "01",
            "identificationKey": "09506000134369",
            "itemDescription": "Dal Giardino Extra Virgin Olive Oil Exclusive Selection 1L",
            "dateInserted": "2020-06-30T08:12:31.923Z",
            "dateLastUpdated": "2023-06-27T12:43:22.830Z",
            "qualifierPath": "/",
            "active": true,
            "responses": [
                {
                    "linkType": "gs1:activityIdeas",
                    "ianaLanguage": "en",
                    "context": "und",
                    "mimeType": "text/html",
                    "linkTitle": "Activity Ideas",
                    "targetUrl": "https://dalgiardino.com/extra-virgin-olive-oil/",
                    "defaultLinkType": true,
                    "defaultIanaLanguage": true,
                    "defaultContext": true,
                    "defaultMimeType": true,
                    "fwqs": true,
                    "active": true
                },
                {
                    "linkType": "gs1:activityIdeas",
                    "ianaLanguage": "en",
                    "context": "xx",
                    "mimeType": "text/html",
                    "linkTitle": "Activity Ideas",
                    "targetUrl": "https://dalgiardino.com/extra-virgin-olive-oil/",
                    "defaultLinkType": true,
                    "defaultIanaLanguage": true,
                    "defaultContext": true,
                    "defaultMimeType": true,
                    "fwqs": true,
                    "active": true
                },
                {
                    "linkType": "gs1:allergenInfo",
                    "ianaLanguage": "en",
                    "context": "und",
                    "mimeType": "text/html",
                    "linkTitle": "Allergen information",
                    "targetUrl": "https://dalgiardino.com/extra-virgin-olive-oil/",
                    "defaultLinkType": true,
                    "defaultIanaLanguage": true,
                    "defaultContext": true,
                    "defaultMimeType": true,
                    "fwqs": true,
                    "active": true
                },
                {
                    "linkType": "gs1:allergenInfo",
                    "ianaLanguage": "en",
                    "context": "xx",
                    "mimeType": "text/html",
                    "linkTitle": "Allergen information",
                    "targetUrl": "https://dalgiardino.com/extra-virgin-olive-oil/",
                    "defaultLinkType": true,
                    "defaultIanaLanguage": true,
                    "defaultContext": true,
                    "defaultMimeType": true,
                    "fwqs": true,
                    "active": true
                },
                {
                    "linkType": "gs1:brandHomepageClinical",
                    "ianaLanguage": "en",
                    "context": "und",
                    "mimeType": "text/html",
                    "linkTitle": "Information for professionals about this bran",
                    "targetUrl": "https://dalgiardino.com/extra-virgin-olive-oil/",
                    "defaultLinkType": true,
                    "defaultIanaLanguage": true,
                    "defaultContext": true,
                    "defaultMimeType": true,
                    "fwqs": true,
                    "active": true
                },
                {
                    "linkType": "gs1:brandHomepageClinical",
                    "ianaLanguage": "en",
                    "context": "xx",
                    "mimeType": "text/html",
                    "linkTitle": "Information for professionals about this bran",
                    "targetUrl": "https://dalgiardino.com/extra-virgin-olive-oil/",
                    "defaultLinkType": true,
                    "defaultIanaLanguage": true,
                    "defaultContext": true,
                    "defaultMimeType": true,
                    "fwqs": true,
                    "active": true
                },
                {
                    "linkType": "gs1:brandHomepagePatient",
                    "ianaLanguage": "en",
                    "context": "und",
                    "mimeType": "text/html",
                    "linkTitle": "Information for patients about this brand",
                    "targetUrl": "https://dalgiardino.com/extra-virgin-olive-oil/",
                    "defaultLinkType": true,
                    "defaultIanaLanguage": true,
                    "defaultContext": true,
                    "defaultMimeType": true,
                    "fwqs": true,
                    "active": true
                },
                {
                    "linkType": "gs1:brandHomepagePatient",
                    "ianaLanguage": "en",
                    "context": "xx",
                    "mimeType": "text/html",
                    "linkTitle": "Information for patients about this brand",
                    "targetUrl": "https://dalgiardino.com/extra-virgin-olive-oil/",
                    "defaultLinkType": true,
                    "defaultIanaLanguage": true,
                    "defaultContext": true,
                    "defaultMimeType": true,
                    "fwqs": true,
                    "active": true
                },
                {
                    "linkType": "gs1:careersInfo",
                    "ianaLanguage": "en",
                    "context": "und",
                    "mimeType": "text/html",
                    "linkTitle": "Careers information",
                    "targetUrl": "https://dalgiardino.com/extra-virgin-olive-oil/",
                    "defaultLinkType": true,
                    "defaultIanaLanguage": true,
                    "defaultContext": true,
                    "defaultMimeType": true,
                    "fwqs": true,
                    "active": true
                },
                {
                    "linkType": "gs1:careersInfo",
                    "ianaLanguage": "en",
                    "context": "xx",
                    "mimeType": "text/html",
                    "linkTitle": "Careers information",
                    "targetUrl": "https://dalgiardino.com/extra-virgin-olive-oil/",
                    "defaultLinkType": true,
                    "defaultIanaLanguage": true,
                    "defaultContext": true,
                    "defaultMimeType": true,
                    "fwqs": true,
                    "active": true
                },
                {
                    "linkType": "gs1:certificationInfo",
                    "ianaLanguage": "en",
                    "context": "und",
                    "mimeType": "text/html",
                    "linkTitle": "Certification Information",
                    "targetUrl": "https://dalgiardino.com/extra-virgin-olive-oil/",
                    "defaultLinkType": true,
                    "defaultIanaLanguage": true,
                    "defaultContext": true,
                    "defaultMimeType": true,
                    "fwqs": true,
                    "active": true
                },
                {
                    "linkType": "gs1:certificationInfo",
                    "ianaLanguage": "en",
                    "context": "xx",
                    "mimeType": "text/html",
                    "linkTitle": "Certification Information",
                    "targetUrl": "https://dalgiardino.com/extra-virgin-olive-oil/",
                    "defaultLinkType": true,
                    "defaultIanaLanguage": true,
                    "defaultContext": true,
                    "defaultMimeType": true,
                    "fwqs": true,
                    "active": true
                },
                {
                    "linkType": "gs1:consumerHandlingStorageInfo",
                    "ianaLanguage": "en",
                    "context": "und",
                    "mimeType": "text/html",
                    "linkTitle": "Consumer handling and storage information",
                    "targetUrl": "https://dalgiardino.com/extra-virgin-olive-oil/",
                    "defaultLinkType": true,
                    "defaultIanaLanguage": true,
                    "defaultContext": true,
                    "defaultMimeType": true,
                    "fwqs": true,
                    "active": true
                },
                {
                    "linkType": "gs1:consumerHandlingStorageInfo",
                    "ianaLanguage": "en",
                    "context": "xx",
                    "mimeType": "text/html",
                    "linkTitle": "Consumer handling and storage information",
                    "targetUrl": "https://dalgiardino.com/extra-virgin-olive-oil/",
                    "defaultLinkType": true,
                    "defaultIanaLanguage": true,
                    "defaultContext": true,
                    "defaultMimeType": true,
                    "fwqs": true,
                    "active": true
                },
                {
                    "linkType": "gs1:epcis",
                    "ianaLanguage": "en",
                    "context": "und",
                    "mimeType": "text/html",
                    "linkTitle": "EPC Information Services (EPCIS) repository",
                    "targetUrl": "https://dalgiardino.com/extra-virgin-olive-oil/",
                    "defaultLinkType": true,
                    "defaultIanaLanguage": true,
                    "defaultContext": true,
                    "defaultMimeType": true,
                    "fwqs": true,
                    "active": true
                },
                {
                    "linkType": "gs1:epcis",
                    "ianaLanguage": "en",
                    "context": "xx",
                    "mimeType": "text/html",
                    "linkTitle": "EPC Information Services (EPCIS) repository",
                    "targetUrl": "https://dalgiardino.com/extra-virgin-olive-oil/",
                    "defaultLinkType": true,
                    "defaultIanaLanguage": true,
                    "defaultContext": true,
                    "defaultMimeType": true,
                    "fwqs": true,
                    "active": true
                },
                {
                    "linkType": "gs1:epil",
                    "ianaLanguage": "en",
                    "context": "und",
                    "mimeType": "text/html",
                    "linkTitle": "Electronic Patient Information Leaflet",
                    "targetUrl": "https://dalgiardino.com/extra-virgin-olive-oil/",
                    "defaultLinkType": true,
                    "defaultIanaLanguage": true,
                    "defaultContext": true,
                    "defaultMimeType": true,
                    "fwqs": true,
                    "active": true
                },
                {
                    "linkType": "gs1:epil",
                    "ianaLanguage": "en",
                    "context": "xx",
                    "mimeType": "text/html",
                    "linkTitle": "Electronic Patient Information Leaflet",
                    "targetUrl": "https://dalgiardino.com/extra-virgin-olive-oil/",
                    "defaultLinkType": true,
                    "defaultIanaLanguage": true,
                    "defaultContext": true,
                    "defaultMimeType": true,
                    "fwqs": true,
                    "active": true
                },
                {
                    "linkType": "gs1:eventsInfo",
                    "ianaLanguage": "en",
                    "context": "und",
                    "mimeType": "text/html",
                    "linkTitle": "Events information",
                    "targetUrl": "https://dalgiardino.com/extra-virgin-olive-oil/",
                    "defaultLinkType": true,
                    "defaultIanaLanguage": true,
                    "defaultContext": true,
                    "defaultMimeType": true,
                    "fwqs": true,
                    "active": true
                },
                {
                    "linkType": "gs1:eventsInfo",
                    "ianaLanguage": "en",
                    "context": "xx",
                    "mimeType": "text/html",
                    "linkTitle": "Events information",
                    "targetUrl": "https://dalgiardino.com/extra-virgin-olive-oil/",
                    "defaultLinkType": true,
                    "defaultIanaLanguage": true,
                    "defaultContext": true,
                    "defaultMimeType": true,
                    "fwqs": true,
                    "active": true
                },
                {
                    "linkType": "gs1:faqs",
                    "ianaLanguage": "en",
                    "context": "und",
                    "mimeType": "text/html",
                    "linkTitle": "Frequently Asked Questions",
                    "targetUrl": "https://dalgiardino.com/extra-virgin-olive-oil/",
                    "defaultLinkType": true,
                    "defaultIanaLanguage": true,
                    "defaultContext": true,
                    "defaultMimeType": true,
                    "fwqs": true,
                    "active": true
                },
                {
                    "linkType": "gs1:faqs",
                    "ianaLanguage": "en",
                    "context": "xx",
                    "mimeType": "text/html",
                    "linkTitle": "Frequently Asked Questions",
                    "targetUrl": "https://dalgiardino.com/extra-virgin-olive-oil/",
                    "defaultLinkType": true,
                    "defaultIanaLanguage": true,
                    "defaultContext": true,
                    "defaultMimeType": true,
                    "fwqs": true,
                    "active": true
                },
                {
                    "linkType": "gs1:hasRetailers",
                    "ianaLanguage": "en",
                    "context": "und",
                    "mimeType": "text/html",
                    "linkTitle": "Where to buy",
                    "targetUrl": "https://dalgiardino.com/where-to-buy/",
                    "defaultLinkType": false,
                    "defaultIanaLanguage": true,
                    "defaultContext": true,
                    "defaultMimeType": true,
                    "fwqs": true,
                    "active": true
                },
                {
                    "linkType": "gs1:hasRetailers",
                    "ianaLanguage": "en",
                    "context": "xx",
                    "mimeType": "text/html",
                    "linkTitle": "Where to buy",
                    "targetUrl": "https://dalgiardino.com/where-to-buy/",
                    "defaultLinkType": false,
                    "defaultIanaLanguage": true,
                    "defaultContext": true,
                    "defaultMimeType": true,
                    "fwqs": true,
                    "active": true
                },
                {
                    "linkType": "gs1:homepage",
                    "ianaLanguage": "en",
                    "context": "und",
                    "mimeType": "text/html",
                    "linkTitle": "Organisation Information Page",
                    "targetUrl": "https://dalgiardino.com/extra-virgin-olive-oil/",
                    "defaultLinkType": true,
                    "defaultIanaLanguage": true,
                    "defaultContext": true,
                    "defaultMimeType": true,
                    "fwqs": true,
                    "active": true
                },
                {
                    "linkType": "gs1:homepage",
                    "ianaLanguage": "en",
                    "context": "xx",
                    "mimeType": "text/html",
                    "linkTitle": "Organisation Information Page",
                    "targetUrl": "https://dalgiardino.com/extra-virgin-olive-oil/",
                    "defaultLinkType": true,
                    "defaultIanaLanguage": true,
                    "defaultContext": true,
                    "defaultMimeType": true,
                    "fwqs": true,
                    "active": true
                },
                {
                    "linkType": "gs1:ingredientsInfo",
                    "ianaLanguage": "en",
                    "context": "und",
                    "mimeType": "text/html",
                    "linkTitle": "Ingredients information",
                    "targetUrl": "https://dalgiardino.com/extra-virgin-olive-oil/",
                    "defaultLinkType": true,
                    "defaultIanaLanguage": true,
                    "defaultContext": true,
                    "defaultMimeType": true,
                    "fwqs": true,
                    "active": true
                },
                {
                    "linkType": "gs1:ingredientsInfo",
                    "ianaLanguage": "en",
                    "context": "xx",
                    "mimeType": "text/html",
                    "linkTitle": "Ingredients information",
                    "targetUrl": "https://dalgiardino.com/extra-virgin-olive-oil/",
                    "defaultLinkType": true,
                    "defaultIanaLanguage": true,
                    "defaultContext": true,
                    "defaultMimeType": true,
                    "fwqs": true,
                    "active": true
                },
                {
                    "linkType": "gs1:instructions",
                    "ianaLanguage": "en",
                    "context": "und",
                    "mimeType": "text/html",
                    "linkTitle": "Instructions",
                    "targetUrl": "https://dalgiardino.com/extra-virgin-olive-oil/",
                    "defaultLinkType": true,
                    "defaultIanaLanguage": true,
                    "defaultContext": true,
                    "defaultMimeType": true,
                    "fwqs": true,
                    "active": true
                },
                {
                    "linkType": "gs1:instructions",
                    "ianaLanguage": "en",
                    "context": "xx",
                    "mimeType": "text/html",
                    "linkTitle": "Instructions",
                    "targetUrl": "https://dalgiardino.com/extra-virgin-olive-oil/",
                    "defaultLinkType": true,
                    "defaultIanaLanguage": true,
                    "defaultContext": true,
                    "defaultMimeType": true,
                    "fwqs": true,
                    "active": true
                },
                {
                    "linkType": "gs1:jws",
                    "ianaLanguage": "en",
                    "context": "und",
                    "mimeType": "text/html",
                    "linkTitle": "JSON Web Signature",
                    "targetUrl": "https://dalgiardino.com/extra-virgin-olive-oil/",
                    "defaultLinkType": true,
                    "defaultIanaLanguage": true,
                    "defaultContext": true,
                    "defaultMimeType": true,
                    "fwqs": true,
                    "active": true
                },
                {
                    "linkType": "gs1:jws",
                    "ianaLanguage": "en",
                    "context": "xx",
                    "mimeType": "text/html",
                    "linkTitle": "JSON Web Signature",
                    "targetUrl": "https://dalgiardino.com/extra-virgin-olive-oil/",
                    "defaultLinkType": true,
                    "defaultIanaLanguage": true,
                    "defaultContext": true,
                    "defaultMimeType": true,
                    "fwqs": true,
                    "active": true
                },
                {
                    "linkType": "gs1:leaveReview",
                    "ianaLanguage": "en",
                    "context": "und",
                    "mimeType": "text/html",
                    "linkTitle": "Leave a review",
                    "targetUrl": "https://dalgiardino.com/extra-virgin-olive-oil/",
                    "defaultLinkType": true,
                    "defaultIanaLanguage": true,
                    "defaultContext": true,
                    "defaultMimeType": true,
                    "fwqs": true,
                    "active": true
                },
                {
                    "linkType": "gs1:leaveReview",
                    "ianaLanguage": "en",
                    "context": "xx",
                    "mimeType": "text/html",
                    "linkTitle": "Leave a review",
                    "targetUrl": "https://dalgiardino.com/extra-virgin-olive-oil/",
                    "defaultLinkType": true,
                    "defaultIanaLanguage": true,
                    "defaultContext": true,
                    "defaultMimeType": true,
                    "fwqs": true,
                    "active": true
                },
                {
                    "linkType": "gs1:locationInfo",
                    "ianaLanguage": "en",
                    "context": "und",
                    "mimeType": "text/html",
                    "linkTitle": "Location information",
                    "targetUrl": "https://dalgiardino.com/extra-virgin-olive-oil/",
                    "defaultLinkType": true,
                    "defaultIanaLanguage": true,
                    "defaultContext": true,
                    "defaultMimeType": true,
                    "fwqs": true,
                    "active": true
                },
                {
                    "linkType": "gs1:locationInfo",
                    "ianaLanguage": "en",
                    "context": "xx",
                    "mimeType": "text/html",
                    "linkTitle": "Location information",
                    "targetUrl": "https://dalgiardino.com/extra-virgin-olive-oil/",
                    "defaultLinkType": true,
                    "defaultIanaLanguage": true,
                    "defaultContext": true,
                    "defaultMimeType": true,
                    "fwqs": true,
                    "active": true
                },
                {
                    "linkType": "gs1:logisticsInfo",
                    "ianaLanguage": "en",
                    "context": "und",
                    "mimeType": "text/html",
                    "linkTitle": "Logistics information",
                    "targetUrl": "https://dalgiardino.com/extra-virgin-olive-oil/",
                    "defaultLinkType": true,
                    "defaultIanaLanguage": true,
                    "defaultContext": true,
                    "defaultMimeType": true,
                    "fwqs": true,
                    "active": true
                },
                {
                    "linkType": "gs1:logisticsInfo",
                    "ianaLanguage": "en",
                    "context": "xx",
                    "mimeType": "text/html",
                    "linkTitle": "Logistics information",
                    "targetUrl": "https://dalgiardino.com/extra-virgin-olive-oil/",
                    "defaultLinkType": true,
                    "defaultIanaLanguage": true,
                    "defaultContext": true,
                    "defaultMimeType": true,
                    "fwqs": true,
                    "active": true
                },
                {
                    "linkType": "gs1:masterData",
                    "ianaLanguage": "en",
                    "context": "und",
                    "mimeType": "text/html",
                    "linkTitle": "Master data",
                    "targetUrl": "https://dalgiardino.com/extra-virgin-olive-oil/",
                    "defaultLinkType": true,
                    "defaultIanaLanguage": true,
                    "defaultContext": true,
                    "defaultMimeType": true,
                    "fwqs": true,
                    "active": true
                },
                {
                    "linkType": "gs1:masterData",
                    "ianaLanguage": "en",
                    "context": "xx",
                    "mimeType": "text/html",
                    "linkTitle": "Master data",
                    "targetUrl": "https://dalgiardino.com/extra-virgin-olive-oil/",
                    "defaultLinkType": true,
                    "defaultIanaLanguage": true,
                    "defaultContext": true,
                    "defaultMimeType": true,
                    "fwqs": true,
                    "active": true
                },
                {
                    "linkType": "gs1:menuInfo",
                    "ianaLanguage": "en",
                    "context": "und",
                    "mimeType": "text/html",
                    "linkTitle": "Menu information",
                    "targetUrl": "https://dalgiardino.com/extra-virgin-olive-oil/",
                    "defaultLinkType": true,
                    "defaultIanaLanguage": true,
                    "defaultContext": true,
                    "defaultMimeType": true,
                    "fwqs": true,
                    "active": true
                },
                {
                    "linkType": "gs1:menuInfo",
                    "ianaLanguage": "en",
                    "context": "xx",
                    "mimeType": "text/html",
                    "linkTitle": "Menu information",
                    "targetUrl": "https://dalgiardino.com/extra-virgin-olive-oil/",
                    "defaultLinkType": true,
                    "defaultIanaLanguage": true,
                    "defaultContext": true,
                    "defaultMimeType": true,
                    "fwqs": true,
                    "active": true
                },
                {
                    "linkType": "gs1:nutritionalInfo",
                    "ianaLanguage": "en",
                    "context": "und",
                    "mimeType": "text/html",
                    "linkTitle": "Nutritional Information",
                    "targetUrl": "https://dalgiardino.com/extra-virgin-olive-oil/",
                    "defaultLinkType": true,
                    "defaultIanaLanguage": true,
                    "defaultContext": true,
                    "defaultMimeType": true,
                    "fwqs": true,
                    "active": true
                },
                {
                    "linkType": "gs1:nutritionalInfo",
                    "ianaLanguage": "en",
                    "context": "xx",
                    "mimeType": "text/html",
                    "linkTitle": "Nutritional Information",
                    "targetUrl": "https://dalgiardino.com/extra-virgin-olive-oil/",
                    "defaultLinkType": true,
                    "defaultIanaLanguage": true,
                    "defaultContext": true,
                    "defaultMimeType": true,
                    "fwqs": true,
                    "active": true
                },
                {
                    "linkType": "gs1:openingHoursInfo",
                    "ianaLanguage": "en",
                    "context": "und",
                    "mimeType": "text/html",
                    "linkTitle": "Opening hours information",
                    "targetUrl": "https://dalgiardino.com/extra-virgin-olive-oil/",
                    "defaultLinkType": true,
                    "defaultIanaLanguage": true,
                    "defaultContext": true,
                    "defaultMimeType": true,
                    "fwqs": true,
                    "active": true
                },
                {
                    "linkType": "gs1:openingHoursInfo",
                    "ianaLanguage": "en",
                    "context": "xx",
                    "mimeType": "text/html",
                    "linkTitle": "Opening hours information",
                    "targetUrl": "https://dalgiardino.com/extra-virgin-olive-oil/",
                    "defaultLinkType": true,
                    "defaultIanaLanguage": true,
                    "defaultContext": true,
                    "defaultMimeType": true,
                    "fwqs": true,
                    "active": true
                },
                {
                    "linkType": "gs1:paymentLink",
                    "ianaLanguage": "en",
                    "context": "und",
                    "mimeType": "text/html",
                    "linkTitle": "Make Payment",
                    "targetUrl": "https://dalgiardino.com/extra-virgin-olive-oil/",
                    "defaultLinkType": true,
                    "defaultIanaLanguage": true,
                    "defaultContext": true,
                    "defaultMimeType": true,
                    "fwqs": true,
                    "active": true
                },
                {
                    "linkType": "gs1:paymentLink",
                    "ianaLanguage": "en",
                    "context": "xx",
                    "mimeType": "text/html",
                    "linkTitle": "Make Payment",
                    "targetUrl": "https://dalgiardino.com/extra-virgin-olive-oil/",
                    "defaultLinkType": true,
                    "defaultIanaLanguage": true,
                    "defaultContext": true,
                    "defaultMimeType": true,
                    "fwqs": true,
                    "active": true
                },
                {
                    "linkType": "gs1:pip",
                    "ianaLanguage": "en",
                    "context": "und",
                    "mimeType": "text/html",
                    "linkTitle": "Product information",
                    "targetUrl": "https://dalgiardino.com/extra-virgin-olive-oil/",
                    "defaultLinkType": true,
                    "defaultIanaLanguage": true,
                    "defaultContext": true,
                    "defaultMimeType": true,
                    "fwqs": true,
                    "active": true
                },
                {
                    "linkType": "gs1:pip",
                    "ianaLanguage": "en",
                    "context": "xx",
                    "mimeType": "text/html",
                    "linkTitle": "Product information",
                    "targetUrl": "https://dalgiardino.com/extra-virgin-olive-oil/",
                    "defaultLinkType": true,
                    "defaultIanaLanguage": true,
                    "defaultContext": true,
                    "defaultMimeType": true,
                    "fwqs": true,
                    "active": true
                },
                {
                    "linkType": "gs1:pip",
                    "ianaLanguage": "ja",
                    "context": "und",
                    "mimeType": "text/html",
                    "linkTitle": "Product information",
                    "targetUrl": "https://dalgiardino.com/extra-virgin-olive-oil/index.html.ja",
                    "defaultLinkType": false,
                    "defaultIanaLanguage": true,
                    "defaultContext": true,
                    "defaultMimeType": true,
                    "fwqs": true,
                    "active": true
                },
                {
                    "linkType": "gs1:pip",
                    "ianaLanguage": "ja",
                    "context": "xx",
                    "mimeType": "text/html",
                    "linkTitle": "Product information",
                    "targetUrl": "https://dalgiardino.com/extra-virgin-olive-oil/index.html.ja",
                    "defaultLinkType": false,
                    "defaultIanaLanguage": true,
                    "defaultContext": true,
                    "defaultMimeType": true,
                    "fwqs": true,
                    "active": true
                },
                {
                    "linkType": "gs1:productSustainabilityInfo",
                    "ianaLanguage": "en",
                    "context": "und",
                    "mimeType": "text/html",
                    "linkTitle": "Sustainability and recycling (deprecated)",
                    "targetUrl": "https://dalgiardino.com/extra-virgin-olive-oil/",
                    "defaultLinkType": true,
                    "defaultIanaLanguage": true,
                    "defaultContext": true,
                    "defaultMimeType": true,
                    "fwqs": true,
                    "active": true
                },
                {
                    "linkType": "gs1:productSustainabilityInfo",
                    "ianaLanguage": "en",
                    "context": "xx",
                    "mimeType": "text/html",
                    "linkTitle": "Sustainability and recycling (deprecated)",
                    "targetUrl": "https://dalgiardino.com/extra-virgin-olive-oil/",
                    "defaultLinkType": true,
                    "defaultIanaLanguage": true,
                    "defaultContext": true,
                    "defaultMimeType": true,
                    "fwqs": true,
                    "active": true
                },
                {
                    "linkType": "gs1:promotion",
                    "ianaLanguage": "en",
                    "context": "und",
                    "mimeType": "text/html",
                    "linkTitle": "Promotion",
                    "targetUrl": "https://dalgiardino.com/extra-virgin-olive-oil/",
                    "defaultLinkType": true,
                    "defaultIanaLanguage": true,
                    "defaultContext": true,
                    "defaultMimeType": true,
                    "fwqs": true,
                    "active": true
                },
                {
                    "linkType": "gs1:promotion",
                    "ianaLanguage": "en",
                    "context": "xx",
                    "mimeType": "text/html",
                    "linkTitle": "Promotion",
                    "targetUrl": "https://dalgiardino.com/extra-virgin-olive-oil/",
                    "defaultLinkType": true,
                    "defaultIanaLanguage": true,
                    "defaultContext": true,
                    "defaultMimeType": true,
                    "fwqs": true,
                    "active": true
                },
                {
                    "linkType": "gs1:purchaseSuppliesOrAccessories",
                    "ianaLanguage": "en",
                    "context": "und",
                    "mimeType": "text/html",
                    "linkTitle": "Purchase supplies or accessories",
                    "targetUrl": "https://dalgiardino.com/extra-virgin-olive-oil/",
                    "defaultLinkType": true,
                    "defaultIanaLanguage": true,
                    "defaultContext": true,
                    "defaultMimeType": true,
                    "fwqs": true,
                    "active": true
                },
                {
                    "linkType": "gs1:purchaseSuppliesOrAccessories",
                    "ianaLanguage": "en",
                    "context": "xx",
                    "mimeType": "text/html",
                    "linkTitle": "Purchase supplies or accessories",
                    "targetUrl": "https://dalgiardino.com/extra-virgin-olive-oil/",
                    "defaultLinkType": true,
                    "defaultIanaLanguage": true,
                    "defaultContext": true,
                    "defaultMimeType": true,
                    "fwqs": true,
                    "active": true
                },
                {
                    "linkType": "gs1:quickStartGuide",
                    "ianaLanguage": "en",
                    "context": "und",
                    "mimeType": "text/html",
                    "linkTitle": "Quick start guide",
                    "targetUrl": "https://dalgiardino.com/extra-virgin-olive-oil/",
                    "defaultLinkType": true,
                    "defaultIanaLanguage": true,
                    "defaultContext": true,
                    "defaultMimeType": true,
                    "fwqs": true,
                    "active": true
                },
                {
                    "linkType": "gs1:quickStartGuide",
                    "ianaLanguage": "en",
                    "context": "xx",
                    "mimeType": "text/html",
                    "linkTitle": "Quick start guide",
                    "targetUrl": "https://dalgiardino.com/extra-virgin-olive-oil/",
                    "defaultLinkType": true,
                    "defaultIanaLanguage": true,
                    "defaultContext": true,
                    "defaultMimeType": true,
                    "fwqs": true,
                    "active": true
                },
                {
                    "linkType": "gs1:recallStatus",
                    "ianaLanguage": "en",
                    "context": "und",
                    "mimeType": "text/html",
                    "linkTitle": "Recall status",
                    "targetUrl": "https://dalgiardino.com/extra-virgin-olive-oil/",
                    "defaultLinkType": true,
                    "defaultIanaLanguage": true,
                    "defaultContext": true,
                    "defaultMimeType": true,
                    "fwqs": true,
                    "active": true
                },
                {
                    "linkType": "gs1:recallStatus",
                    "ianaLanguage": "en",
                    "context": "xx",
                    "mimeType": "text/html",
                    "linkTitle": "Recall status",
                    "targetUrl": "https://dalgiardino.com/extra-virgin-olive-oil/",
                    "defaultLinkType": true,
                    "defaultIanaLanguage": true,
                    "defaultContext": true,
                    "defaultMimeType": true,
                    "fwqs": true,
                    "active": true
                },
                {
                    "linkType": "gs1:recipeInfo",
                    "ianaLanguage": "en",
                    "context": "und",
                    "mimeType": "text/html",
                    "linkTitle": "Recipe website",
                    "targetUrl": "https://dalgiardino.com/extra-virgin-olive-oil/",
                    "defaultLinkType": true,
                    "defaultIanaLanguage": true,
                    "defaultContext": true,
                    "defaultMimeType": true,
                    "fwqs": true,
                    "active": true
                },
                {
                    "linkType": "gs1:recipeInfo",
                    "ianaLanguage": "en",
                    "context": "xx",
                    "mimeType": "text/html",
                    "linkTitle": "Recipe website",
                    "targetUrl": "https://dalgiardino.com/extra-virgin-olive-oil/",
                    "defaultLinkType": true,
                    "defaultIanaLanguage": true,
                    "defaultContext": true,
                    "defaultMimeType": true,
                    "fwqs": true,
                    "active": true
                },
                {
                    "linkType": "gs1:registerProduct",
                    "ianaLanguage": "en",
                    "context": "und",
                    "mimeType": "text/html",
                    "linkTitle": "Register purchase",
                    "targetUrl": "https://dalgiardino.com/extra-virgin-olive-oil/",
                    "defaultLinkType": true,
                    "defaultIanaLanguage": true,
                    "defaultContext": true,
                    "defaultMimeType": true,
                    "fwqs": true,
                    "active": true
                },
                {
                    "linkType": "gs1:registerProduct",
                    "ianaLanguage": "en",
                    "context": "xx",
                    "mimeType": "text/html",
                    "linkTitle": "Register purchase",
                    "targetUrl": "https://dalgiardino.com/extra-virgin-olive-oil/",
                    "defaultLinkType": true,
                    "defaultIanaLanguage": true,
                    "defaultContext": true,
                    "defaultMimeType": true,
                    "fwqs": true,
                    "active": true
                },
                {
                    "linkType": "gs1:registryEntry",
                    "ianaLanguage": "en",
                    "context": "und",
                    "mimeType": "text/html",
                    "linkTitle": "Entry in a register",
                    "targetUrl": "https://dalgiardino.com/extra-virgin-olive-oil/",
                    "defaultLinkType": true,
                    "defaultIanaLanguage": true,
                    "defaultContext": true,
                    "defaultMimeType": true,
                    "fwqs": true,
                    "active": true
                },
                {
                    "linkType": "gs1:registryEntry",
                    "ianaLanguage": "en",
                    "context": "xx",
                    "mimeType": "text/html",
                    "linkTitle": "Entry in a register",
                    "targetUrl": "https://dalgiardino.com/extra-virgin-olive-oil/",
                    "defaultLinkType": true,
                    "defaultIanaLanguage": true,
                    "defaultContext": true,
                    "defaultMimeType": true,
                    "fwqs": true,
                    "active": true
                },
                {
                    "linkType": "gs1:relatedVideo",
                    "ianaLanguage": "en",
                    "context": "und",
                    "mimeType": "text/html",
                    "linkTitle": "Related  video",
                    "targetUrl": "https://dalgiardino.com/extra-virgin-olive-oil/",
                    "defaultLinkType": true,
                    "defaultIanaLanguage": true,
                    "defaultContext": true,
                    "defaultMimeType": true,
                    "fwqs": true,
                    "active": true
                },
                {
                    "linkType": "gs1:relatedVideo",
                    "ianaLanguage": "en",
                    "context": "xx",
                    "mimeType": "text/html",
                    "linkTitle": "Related  video",
                    "targetUrl": "https://dalgiardino.com/extra-virgin-olive-oil/",
                    "defaultLinkType": true,
                    "defaultIanaLanguage": true,
                    "defaultContext": true,
                    "defaultMimeType": true,
                    "fwqs": true,
                    "active": true
                },
                {
                    "linkType": "gs1:review",
                    "ianaLanguage": "en",
                    "context": "und",
                    "mimeType": "text/html",
                    "linkTitle": "Reviews",
                    "targetUrl": "https://dalgiardino.com/extra-virgin-olive-oil/",
                    "defaultLinkType": true,
                    "defaultIanaLanguage": true,
                    "defaultContext": true,
                    "defaultMimeType": true,
                    "fwqs": true,
                    "active": true
                },
                {
                    "linkType": "gs1:review",
                    "ianaLanguage": "en",
                    "context": "xx",
                    "mimeType": "text/html",
                    "linkTitle": "Reviews",
                    "targetUrl": "https://dalgiardino.com/extra-virgin-olive-oil/",
                    "defaultLinkType": true,
                    "defaultIanaLanguage": true,
                    "defaultContext": true,
                    "defaultMimeType": true,
                    "fwqs": true,
                    "active": true
                },
                {
                    "linkType": "gs1:safetyInfo",
                    "ianaLanguage": "en",
                    "context": "und",
                    "mimeType": "text/html",
                    "linkTitle": "Safety information",
                    "targetUrl": "https://dalgiardino.com/extra-virgin-olive-oil/",
                    "defaultLinkType": true,
                    "defaultIanaLanguage": true,
                    "defaultContext": true,
                    "defaultMimeType": true,
                    "fwqs": true,
                    "active": true
                },
                {
                    "linkType": "gs1:safetyInfo",
                    "ianaLanguage": "en",
                    "context": "xx",
                    "mimeType": "text/html",
                    "linkTitle": "Safety information",
                    "targetUrl": "https://dalgiardino.com/extra-virgin-olive-oil/",
                    "defaultLinkType": true,
                    "defaultIanaLanguage": true,
                    "defaultContext": true,
                    "defaultMimeType": true,
                    "fwqs": true,
                    "active": true
                },
                {
                    "linkType": "gs1:scheduleTime",
                    "ianaLanguage": "en",
                    "context": "und",
                    "mimeType": "text/html",
                    "linkTitle": "Scheduling/Reservation",
                    "targetUrl": "https://dalgiardino.com/extra-virgin-olive-oil/",
                    "defaultLinkType": true,
                    "defaultIanaLanguage": true,
                    "defaultContext": true,
                    "defaultMimeType": true,
                    "fwqs": true,
                    "active": true
                },
                {
                    "linkType": "gs1:scheduleTime",
                    "ianaLanguage": "en",
                    "context": "xx",
                    "mimeType": "text/html",
                    "linkTitle": "Scheduling/Reservation",
                    "targetUrl": "https://dalgiardino.com/extra-virgin-olive-oil/",
                    "defaultLinkType": true,
                    "defaultIanaLanguage": true,
                    "defaultContext": true,
                    "defaultMimeType": true,
                    "fwqs": true,
                    "active": true
                },
                {
                    "linkType": "gs1:serviceInfo",
                    "ianaLanguage": "en",
                    "context": "und",
                    "mimeType": "text/html",
                    "linkTitle": "Service information",
                    "targetUrl": "https://dalgiardino.com/extra-virgin-olive-oil/",
                    "defaultLinkType": true,
                    "defaultIanaLanguage": true,
                    "defaultContext": true,
                    "defaultMimeType": true,
                    "fwqs": true,
                    "active": true
                },
                {
                    "linkType": "gs1:serviceInfo",
                    "ianaLanguage": "en",
                    "context": "xx",
                    "mimeType": "text/html",
                    "linkTitle": "Service information",
                    "targetUrl": "https://dalgiardino.com/extra-virgin-olive-oil/",
                    "defaultLinkType": true,
                    "defaultIanaLanguage": true,
                    "defaultContext": true,
                    "defaultMimeType": true,
                    "fwqs": true,
                    "active": true
                },
                {
                    "linkType": "gs1:smartLabel",
                    "ianaLanguage": "en",
                    "context": "und",
                    "mimeType": "text/html",
                    "linkTitle": "SmartLabel",
                    "targetUrl": "https://dalgiardino.com/extra-virgin-olive-oil/",
                    "defaultLinkType": true,
                    "defaultIanaLanguage": true,
                    "defaultContext": true,
                    "defaultMimeType": true,
                    "fwqs": true,
                    "active": true
                },
                {
                    "linkType": "gs1:smartLabel",
                    "ianaLanguage": "en",
                    "context": "xx",
                    "mimeType": "text/html",
                    "linkTitle": "SmartLabel",
                    "targetUrl": "https://dalgiardino.com/extra-virgin-olive-oil/",
                    "defaultLinkType": true,
                    "defaultIanaLanguage": true,
                    "defaultContext": true,
                    "defaultMimeType": true,
                    "fwqs": true,
                    "active": true
                },
                {
                    "linkType": "gs1:smpc",
                    "ianaLanguage": "en",
                    "context": "und",
                    "mimeType": "text/html",
                    "linkTitle": "Summary Product Characteristics (SmPC)",
                    "targetUrl": "https://dalgiardino.com/extra-virgin-olive-oil/",
                    "defaultLinkType": true,
                    "defaultIanaLanguage": true,
                    "defaultContext": true,
                    "defaultMimeType": true,
                    "fwqs": true,
                    "active": true
                },
                {
                    "linkType": "gs1:smpc",
                    "ianaLanguage": "en",
                    "context": "xx",
                    "mimeType": "text/html",
                    "linkTitle": "Summary Product Characteristics (SmPC)",
                    "targetUrl": "https://dalgiardino.com/extra-virgin-olive-oil/",
                    "defaultLinkType": true,
                    "defaultIanaLanguage": true,
                    "defaultContext": true,
                    "defaultMimeType": true,
                    "fwqs": true,
                    "active": true
                },
                {
                    "linkType": "gs1:socialMedia",
                    "ianaLanguage": "en",
                    "context": "und",
                    "mimeType": "text/html",
                    "linkTitle": "Social media",
                    "targetUrl": "https://dalgiardino.com/extra-virgin-olive-oil/",
                    "defaultLinkType": true,
                    "defaultIanaLanguage": true,
                    "defaultContext": true,
                    "defaultMimeType": true,
                    "fwqs": true,
                    "active": true
                },
                {
                    "linkType": "gs1:socialMedia",
                    "ianaLanguage": "en",
                    "context": "xx",
                    "mimeType": "text/html",
                    "linkTitle": "Social media",
                    "targetUrl": "https://dalgiardino.com/extra-virgin-olive-oil/",
                    "defaultLinkType": true,
                    "defaultIanaLanguage": true,
                    "defaultContext": true,
                    "defaultMimeType": true,
                    "fwqs": true,
                    "active": true
                },
                {
                    "linkType": "gs1:statisticInfo",
                    "ianaLanguage": "en",
                    "context": "und",
                    "mimeType": "text/html",
                    "linkTitle": "Statistics",
                    "targetUrl": "https://dalgiardino.com/extra-virgin-olive-oil/",
                    "defaultLinkType": true,
                    "defaultIanaLanguage": true,
                    "defaultContext": true,
                    "defaultMimeType": true,
                    "fwqs": true,
                    "active": true
                },
                {
                    "linkType": "gs1:statisticInfo",
                    "ianaLanguage": "en",
                    "context": "xx",
                    "mimeType": "text/html",
                    "linkTitle": "Statistics",
                    "targetUrl": "https://dalgiardino.com/extra-virgin-olive-oil/",
                    "defaultLinkType": true,
                    "defaultIanaLanguage": true,
                    "defaultContext": true,
                    "defaultMimeType": true,
                    "fwqs": true,
                    "active": true
                },
                {
                    "linkType": "gs1:support",
                    "ianaLanguage": "en",
                    "context": "und",
                    "mimeType": "text/html",
                    "linkTitle": "Support",
                    "targetUrl": "https://dalgiardino.com/extra-virgin-olive-oil/",
                    "defaultLinkType": true,
                    "defaultIanaLanguage": true,
                    "defaultContext": true,
                    "defaultMimeType": true,
                    "fwqs": true,
                    "active": true
                },
                {
                    "linkType": "gs1:support",
                    "ianaLanguage": "en",
                    "context": "xx",
                    "mimeType": "text/html",
                    "linkTitle": "Support",
                    "targetUrl": "https://dalgiardino.com/extra-virgin-olive-oil/",
                    "defaultLinkType": true,
                    "defaultIanaLanguage": true,
                    "defaultContext": true,
                    "defaultMimeType": true,
                    "fwqs": true,
                    "active": true
                },
                {
                    "linkType": "gs1:sustainabilityInfo",
                    "ianaLanguage": "en",
                    "context": "und",
                    "mimeType": "text/html",
                    "linkTitle": "Sustainability and recycling",
                    "targetUrl": "https://dalgiardino.com/extra-virgin-olive-oil/",
                    "defaultLinkType": true,
                    "defaultIanaLanguage": true,
                    "defaultContext": true,
                    "defaultMimeType": true,
                    "fwqs": true,
                    "active": true
                },
                {
                    "linkType": "gs1:sustainabilityInfo",
                    "ianaLanguage": "en",
                    "context": "xx",
                    "mimeType": "text/html",
                    "linkTitle": "Sustainability and recycling",
                    "targetUrl": "https://dalgiardino.com/extra-virgin-olive-oil/",
                    "defaultLinkType": true,
                    "defaultIanaLanguage": true,
                    "defaultContext": true,
                    "defaultMimeType": true,
                    "fwqs": true,
                    "active": true
                },
                {
                    "linkType": "gs1:traceability",
                    "ianaLanguage": "en",
                    "context": "und",
                    "mimeType": "text/html",
                    "linkTitle": "Traceability information",
                    "targetUrl": "https://dalgiardino.com/extra-virgin-olive-oil/",
                    "defaultLinkType": true,
                    "defaultIanaLanguage": true,
                    "defaultContext": true,
                    "defaultMimeType": true,
                    "fwqs": true,
                    "active": true
                },
                {
                    "linkType": "gs1:traceability",
                    "ianaLanguage": "en",
                    "context": "xx",
                    "mimeType": "text/html",
                    "linkTitle": "Traceability information",
                    "targetUrl": "https://dalgiardino.com/extra-virgin-olive-oil/",
                    "defaultLinkType": true,
                    "defaultIanaLanguage": true,
                    "defaultContext": true,
                    "defaultMimeType": true,
                    "fwqs": true,
                    "active": true
                },
                {
                    "linkType": "gs1:tutorial",
                    "ianaLanguage": "en",
                    "context": "und",
                    "mimeType": "text/html",
                    "linkTitle": "Tutorial",
                    "targetUrl": "https://dalgiardino.com/extra-virgin-olive-oil/",
                    "defaultLinkType": true,
                    "defaultIanaLanguage": true,
                    "defaultContext": true,
                    "defaultMimeType": true,
                    "fwqs": true,
                    "active": true
                },
                {
                    "linkType": "gs1:tutorial",
                    "ianaLanguage": "en",
                    "context": "xx",
                    "mimeType": "text/html",
                    "linkTitle": "Tutorial",
                    "targetUrl": "https://dalgiardino.com/extra-virgin-olive-oil/",
                    "defaultLinkType": true,
                    "defaultIanaLanguage": true,
                    "defaultContext": true,
                    "defaultMimeType": true,
                    "fwqs": true,
                    "active": true
                },
                {
                    "linkType": "gs1:userAgreement",
                    "ianaLanguage": "en",
                    "context": "und",
                    "mimeType": "text/html",
                    "linkTitle": "Sign waiver/agreement/document",
                    "targetUrl": "https://dalgiardino.com/extra-virgin-olive-oil/",
                    "defaultLinkType": true,
                    "defaultIanaLanguage": true,
                    "defaultContext": true,
                    "defaultMimeType": true,
                    "fwqs": true,
                    "active": true
                },
                {
                    "linkType": "gs1:userAgreement",
                    "ianaLanguage": "en",
                    "context": "xx",
                    "mimeType": "text/html",
                    "linkTitle": "Sign waiver/agreement/document",
                    "targetUrl": "https://dalgiardino.com/extra-virgin-olive-oil/",
                    "defaultLinkType": true,
                    "defaultIanaLanguage": true,
                    "defaultContext": true,
                    "defaultMimeType": true,
                    "fwqs": true,
                    "active": true
                },
                {
                    "linkType": "gs1:verificationService",
                    "ianaLanguage": "en",
                    "context": "und",
                    "mimeType": "text/html",
                    "linkTitle": "Verification Service",
                    "targetUrl": "https://dalgiardino.com/extra-virgin-olive-oil/",
                    "defaultLinkType": true,
                    "defaultIanaLanguage": true,
                    "defaultContext": true,
                    "defaultMimeType": true,
                    "fwqs": true,
                    "active": true
                },
                {
                    "linkType": "gs1:verificationService",
                    "ianaLanguage": "en",
                    "context": "xx",
                    "mimeType": "text/html",
                    "linkTitle": "Verification Service",
                    "targetUrl": "https://dalgiardino.com/extra-virgin-olive-oil/",
                    "defaultLinkType": true,
                    "defaultIanaLanguage": true,
                    "defaultContext": true,
                    "defaultMimeType": true,
                    "fwqs": true,
                    "active": true
                },
                {
                    "linkType": "gs1:whatsInTheBox",
                    "ianaLanguage": "en",
                    "context": "und",
                    "mimeType": "text/html",
                    "linkTitle": "What's in the box?",
                    "targetUrl": "https://dalgiardino.com/extra-virgin-olive-oil/",
                    "defaultLinkType": true,
                    "defaultIanaLanguage": true,
                    "defaultContext": true,
                    "defaultMimeType": true,
                    "fwqs": true,
                    "active": true
                },
                {
                    "linkType": "gs1:whatsInTheBox",
                    "ianaLanguage": "en",
                    "context": "xx",
                    "mimeType": "text/html",
                    "linkTitle": "What's in the box?",
                    "targetUrl": "https://dalgiardino.com/extra-virgin-olive-oil/",
                    "defaultLinkType": true,
                    "defaultIanaLanguage": true,
                    "defaultContext": true,
                    "defaultMimeType": true,
                    "fwqs": true,
                    "active": true
                }
            ]
        }
  ]