[
  {
    "_id": "01_09506000134376",
    "defaultLinktype": "gs1:pip",
    "data": [
      {
        "qualifiers": [],
        "linkset": [
          {
            "anchor": "/01/09506000134376",
            "itemDescription": "Dal Giardino Medicinal Compound 50 x 200mg",
            "https://gs1.org/voc/defaultLink": {
              "href": "https://dalgiardino.com/medicinal-compound/index.html.ja",
              "title": "Product information"
            },
            "https://gs1.org/voc/epil": [
              {
                "href": "https://dalgiardino.com/medicinal-compound/pil.html",
                "title": "Information for patients",
                "type": "text/html",
                "hreflang": [
                  "en"
                ]
              }
            ],
            "https://gs1.org/voc/pip": [
              {
                "href": "https://dalgiardino.com/medicinal-compound/",
                "title": "Product information",
                "type": "text/html",
                "hreflang": [
                  "en"
                ],
                "context": [
                  "und",
                  "marketing"
                ]
              },
              {
                "href": "https://dalgiardino.com/medicinal-compound/index.html.ja",
                "title": "Product information",
                "type": "text/html",
                "hreflang": [
                  "ja"
                ]
              }
            ]
          }
        ]
      },
      {
        "qualifiers": [
          {
            "10": "LOT_123"
          },
          {
            "21": "SERIAL_456"
          }
        ],
        "linkset": [
          {
            "anchor": "/01/09506000134376",
            "itemDescription": "Dal Giardino Medicinal Compound 50 x 200mg",
            "https://gs1.org/voc/defaultLink": {
              "href": "https://dalgiardino.com/medicinal-compound/index.html.ja",
              "title": "Product information"
            },
            "https://gs1.org/voc/epil": [
              {
                "href": "https://dalgiardino.com/medicinal-compound/pil.html",
                "title": "Information for patients",
                "type": "text/html",
                "hreflang": [
                  "en"
                ]
              }
            ],
            "https://gs1.org/voc/pip": [
              {
                "href": "https://dalgiardino.com/medicinal-compound/",
                "title": "Product information",
                "type": "text/html",
                "hreflang": [
                  "en"
                ],
                "context": [
                  "und",
                  "marketing"
                ]
              },
              {
                "href": "https://dalgiardino.com/medicinal-compound/index.html.ja",
                "title": "Product information",
                "type": "text/html",
                "hreflang": [
                  "ja"
                ]
              }
            ]
          }
        ]
      }
    ]
  },
  {
    "_id": "01_05059697759130",
    "defaultLinktype": "gs1:pip",
    "data": [
      {
        "qualifiers": [],
        "linkset": [
          {
            "anchor": "/01/05059697759130",
            "itemDescription": "Tesco Health Chewable Vitamin C 120 Tablets",
            "https://gs1.org/voc/defaultLink": {
              "href": "https://dalgiardino.com/medicinal-compound/index.html.ja",
              "title": "Product information"
            },
            "https://gs1.org/voc/pip": [
              {
                "href": "https://www.tesco.ie/groceries/en-IE/products/312097626",
                "title": "Tesco Health Chewable Vitamin C 120 Tablets page on Tesco.ie",
                "type": "text/html",
                "hreflang": [
                  "en"
                ],
                "context": [
                  "sales",
                  "marketing"
                ]
              },
              {
                "href": "https://dalgiardino.com/medicinal-compound/index.html.ja",
                "title": "Product information",
                "type": "text/html",
                "hreflang": [
                  "ja"
                ]
              }
            ]
          }
        ]
      },
      {
        "qualifiers": [
          {
            "21": "{serialnumber}"
          }
        ],
        "linkset": [
          {
            "anchor": "/01/05059697759130",
            "itemDescription": "Tesco Health Chewable Vitamin C 120 Tablets",
            "https://gs1.org/voc/defaultLink": {
              "href": "https://www.tesco.ie/groceries/en-IE/products/312097626?serial={serialnumber}",
              "title": "Tesco Health Chewable Vitamin C 120 Tablets page on Tesco.ie with serial number"
            },
            "https://gs1.org/voc/pip": [
              {
                "href": "https://www.tesco.ie/groceries/en-IE/products/312097626?serial={serialnumber}",
                "title": "Tesco Health Chewable Vitamin C 120 Tablets page on Tesco.ie with serial number",
                "type": "text/html",
                "hreflang": [
                  "en"
                ],
                "context": [
                  "sales",
                  "marketing"
                ]
              }
            ]
          }
        ]
      }
    ]
  }
]