<?xml version="1.0" encoding="UTF-8"?>
<tdt:epcTagDataTranslation version="2.2" date="2024-11-18T16:30:00Z" epcTDSVersion="2.2" xmlns:tdt="urn:epcglobal:tdt:xsd:2" xmlns:xsi="http://www.w3.org/2001/XMLSchema-instance" xsi:schemaLocation="urn:epcglobal:tdt:xsd:2 EpcTagDataTranslation.xsd">
	<scheme name="DSGTIN+" optionKey="dateType">
		<level type="BINARY" prefixMatch="11111011" requiredFormattingParameters="filter,dataToggle">
			<option optionKey="0" pattern="^11111011([01])([01]{3})0000([01]{16})" grammar="'11111011' dataToggle filter '0000' prodDate encodedAI">
				<field seq="1" name="dataToggle" decimalMinimum="0" decimalMaximum="1" characterSet="[01]*" bitPadDir="LEFT" bitLength="1"/>
				<field seq="2" name="filter" decimalMinimum="0" decimalMaximum="7" characterSet="[01]*" bitPadDir="LEFT" bitLength="3"/>
				<field seq="3" name="prodDate" characterSet="[01]*" bitLength="16"/>
				<encodedAI ai="01" name="gtin" seq="4"/>
				<encodedAI ai="21" name="serial" seq="5"/>
			</option>
			<option optionKey="1" pattern="^11111011([01])([01]{3})0001([01]{16})" grammar="'11111011' dataToggle filter '0001' packDate encodedAI">
				<field seq="1" name="dataToggle" decimalMinimum="0" decimalMaximum="1" characterSet="[01]*" bitPadDir="LEFT" bitLength="1"/>
				<field seq="2" name="filter" decimalMinimum="0" decimalMaximum="7" characterSet="[01]*" bitPadDir="LEFT" bitLength="3"/>
				<field seq="3" name="packDate" characterSet="[01]*" bitLength="16"/>
				<encodedAI ai="01" name="gtin" seq="4"/>
				<encodedAI ai="21" name="serial" seq="5"/>
			</option>
			<option optionKey="2" pattern="^11111011([01])([01]{3})0010([01]{16})" grammar="'11111011' dataToggle filter '0010' bestBeforeDate encodedAI">
				<field seq="1" name="dataToggle" decimalMinimum="0" decimalMaximum="1" characterSet="[01]*" bitPadDir="LEFT" bitLength="1"/>
				<field seq="2" name="filter" decimalMinimum="0" decimalMaximum="7" characterSet="[01]*" bitPadDir="LEFT" bitLength="3"/>
				<field seq="3" name="bestBeforeDate" characterSet="[01]*" bitLength="16"/>
				<encodedAI ai="01" name="gtin" seq="4"/>
				<encodedAI ai="21" name="serial" seq="5"/>
			</option>
			<option optionKey="3" pattern="^11111011([01])([01]{3})0011([01]{16})" grammar="'11111011' dataToggle filter '0011' sellByDate encodedAI">
				<field seq="1" name="dataToggle" decimalMinimum="0" decimalMaximum="1" characterSet="[01]*" bitPadDir="LEFT" bitLength="1"/>
				<field seq="2" name="filter" decimalMinimum="0" decimalMaximum="7" characterSet="[01]*" bitPadDir="LEFT" bitLength="3"/>
				<field seq="3" name="sellByDate" characterSet="[01]*" bitLength="16"/>
				<encodedAI ai="01" name="gtin" seq="4"/>
				<encodedAI ai="21" name="serial" seq="5"/>
			</option>
			<option optionKey="4" pattern="^11111011([01])([01]{3})0100([01]{16})" grammar="'11111011' dataToggle filter '0100' expDate encodedAI">
				<field seq="1" name="dataToggle" decimalMinimum="0" decimalMaximum="1" characterSet="[01]*" bitPadDir="LEFT" bitLength="1"/>
				<field seq="2" name="filter" decimalMinimum="0" decimalMaximum="7" characterSet="[01]*" bitPadDir="LEFT" bitLength="3"/>
				<field seq="3" name="expDate" characterSet="[01]*" bitLength="16"/>
				<encodedAI ai="01" name="gtin" seq="4"/>
				<encodedAI ai="21" name="serial" seq="5"/>
			</option>
			<option optionKey="5" pattern="^11111011([01])([01]{3})0101([01]{16})" grammar="'11111011' dataToggle filter '0101' firstFreezeDate encodedAI">
				<field seq="1" name="dataToggle" decimalMinimum="0" decimalMaximum="1" characterSet="[01]*" bitPadDir="LEFT" bitLength="1"/>
				<field seq="2" name="filter" decimalMinimum="0" decimalMaximum="7" characterSet="[01]*" bitPadDir="LEFT" bitLength="3"/>
				<field seq="3" name="firstFreezeDate" characterSet="[01]*" bitLength="16"/>
				<encodedAI ai="01" name="gtin" seq="4"/>
				<encodedAI ai="21" name="serial" seq="5"/>
			</option>
			<option optionKey="6" pattern="^11111011([01])([01]{3})0110([01]{16})" grammar="'11111011' dataToggle filter '0110' harvestDate encodedAI">
				<field seq="1" name="dataToggle" decimalMinimum="0" decimalMaximum="1" characterSet="[01]*" bitPadDir="LEFT" bitLength="1"/>
				<field seq="2" name="filter" decimalMinimum="0" decimalMaximum="7" characterSet="[01]*" bitPadDir="LEFT" bitLength="3"/>
				<field seq="3" name="harvestDate" characterSet="[01]*" bitLength="16"/>
				<encodedAI ai="01" name="gtin" seq="4"/>
				<encodedAI ai="21" name="serial" seq="5"/>
			</option>
		</level>
		<level type="BARE_IDENTIFIER" prefixMatch="gtin=">
			<option optionKey="0" pattern="^gtin=([0-9]{14});serial=([!%-?A-Z_a-z\x22]{1,20});prodDate=([0-9]{6})$" grammar="'gtin=' gtin ';serial=' serial ';prodDate=' prodDate">
				<field seq="1" name="gtin" decimalMinimum="0" decimalMaximum="99999999999999" characterSet="[0-9]*" length="14" padChar="0" padDir="LEFT"/>
				<field seq="2" name="serial" characterSet="[!%-?A-Z_a-z\x22]*"/>
				<field seq="3" name="prodDate" characterSet="[01]*" length="6"/>
			</option>
			<option optionKey="1" pattern="^gtin=([0-9]{14});serial=([!%-?A-Z_a-z\x22]{1,20});packDate=([0-9]{6})$" grammar="'gtin=' gtin ';serial=' serial ';packDate=' packDate">
				<field seq="1" name="gtin" decimalMinimum="0" decimalMaximum="99999999999999" characterSet="[0-9]*" length="14" padChar="0" padDir="LEFT"/>
				<field seq="2" name="serial" characterSet="[!%-?A-Z_a-z\x22]*"/>
				<field seq="3" name="packDate" characterSet="[01]*" length="6"/>
			</option>
			<option optionKey="2" pattern="^gtin=([0-9]{14});serial=([!%-?A-Z_a-z\x22]{1,20});bestBeforeDate=([0-9]{6})$" grammar="'gtin=' gtin ';serial=' serial ';bestBeforeDate=' bestBeforeDate">
				<field seq="1" name="gtin" decimalMinimum="0" decimalMaximum="99999999999999" characterSet="[0-9]*" length="14" padChar="0" padDir="LEFT"/>
				<field seq="2" name="serial" characterSet="[!%-?A-Z_a-z\x22]*"/>
				<field seq="3" name="bestBeforeDate" characterSet="[01]*" length="6"/>
			</option>
			<option optionKey="3" pattern="^gtin=([0-9]{14});serial=([!%-?A-Z_a-z\x22]{1,20});sellByDate=([0-9]{6})$" grammar="'gtin=' gtin ';serial=' serial ';sellByDate=' sellByDate">
				<field seq="1" name="gtin" decimalMinimum="0" decimalMaximum="99999999999999" characterSet="[0-9]*" length="14" padChar="0" padDir="LEFT"/>
				<field seq="2" name="serial" characterSet="[!%-?A-Z_a-z\x22]*"/>
				<field seq="3" name="sellByDate" characterSet="[01]*" length="6"/>
			</option>
			<option optionKey="4" pattern="^gtin=([0-9]{14});serial=([!%-?A-Z_a-z\x22]{1,20});expDate=([0-9]{6})$" grammar="'gtin=' gtin ';serial=' serial ';expDate=' expDate">
				<field seq="1" name="gtin" decimalMinimum="0" decimalMaximum="99999999999999" characterSet="[0-9]*" length="14" padChar="0" padDir="LEFT"/>
				<field seq="2" name="serial" characterSet="[!%-?A-Z_a-z\x22]*"/>
				<field seq="3" name="expDate" characterSet="[01]*" length="6"/>
			</option>
			<option optionKey="5" pattern="^gtin=([0-9]{14});serial=([!%-?A-Z_a-z\x22]{1,20});firstFreezeDate=([0-9]{6})$" grammar="'gtin=' gtin ';serial=' serial ';firstFreezeDate=' firstFreezeDate">
				<field seq="1" name="gtin" decimalMinimum="0" decimalMaximum="99999999999999" characterSet="[0-9]*" length="14" padChar="0" padDir="LEFT"/>
				<field seq="2" name="serial" characterSet="[!%-?A-Z_a-z\x22]*"/>
				<field seq="3" name="firstFreezeDate" characterSet="[01]*" length="6"/>
			</option>
			<option optionKey="6" pattern="^gtin=([0-9]{14});serial=([!%-?A-Z_a-z\x22]{1,20});harvestDate=([0-9]{6})$" grammar="'gtin=' gtin ';serial=' serial ';harvestDate=' harvestDate">
				<field seq="1" name="gtin" decimalMinimum="0" decimalMaximum="99999999999999" characterSet="[0-9]*" length="14" padChar="0" padDir="LEFT"/>
				<field seq="2" name="serial" characterSet="[!%-?A-Z_a-z\x22]*"/>
				<field seq="3" name="harvestDate" characterSet="[01]*" length="6"/>
			</option>
		</level>
		<level type="GS1_AI_JSON" prefixMatch="{">
			<option optionKey="0" pattern="^\{\s*\x2201\x22\s*:\s*\x22([0-9]{14})\x22\s*,\s*\x2221\x22\s*:\s*\x22((?:[!%-?A-Z_a-z]|\\\x22){1,20})\x22\s*,\s*\x2211\x22\s*:\s*\x22([0-9]{6})\x22" grammar="'{&quot;01&quot;:&quot;' gtin '&quot;,&quot;21&quot;:&quot;' serial '&quot;,&quot;11&quot;:&quot;' prodDate '&quot;}'" aiSequence="[&quot;01&quot;,&quot;21&quot;,&quot;11&quot;]" >
				<field seq="1" name="gtin" decimalMinimum="0" decimalMaximum="99999999999999" characterSet="[0-9]*" length="14" padChar="0" padDir="LEFT"/>
				<field seq="2" name="serial" characterSet="[!%-?A-Z_a-z\x22]*"/>
				<field seq="3" name="prodDate" characterSet="[0-9]*" length="6"/>
			</option>
			<option optionKey="1" pattern="^\{\s*\x2201\x22\s*:\s*\x22([0-9]{14})\x22\s*,\s*\x2221\x22\s*:\s*\x22((?:[!%-?A-Z_a-z]|\\\x22){1,20})\x22\s*,\s*\x2213\x22\s*:\s*\x22([0-9]{6})\x22" grammar="'{&quot;01&quot;:&quot;' gtin '&quot;,&quot;21&quot;:&quot;' serial '&quot;,&quot;13&quot;:&quot;' packDate '&quot;}'" aiSequence="[&quot;01&quot;,&quot;21&quot;,&quot;13&quot;]" >
				<field seq="1" name="gtin" decimalMinimum="0" decimalMaximum="99999999999999" characterSet="[0-9]*" length="14" padChar="0" padDir="LEFT"/>
				<field seq="2" name="serial" characterSet="[!%-?A-Z_a-z\x22]*"/>
				<field seq="3" name="packDate" characterSet="[0-9]*" length="6"/>
			</option>
			<option optionKey="2" pattern="^\{\s*\x2201\x22\s*:\s*\x22([0-9]{14})\x22\s*,\s*\x2221\x22\s*:\s*\x22((?:[!%-?A-Z_a-z]|\\\x22){1,20})\x22\s*,\s*\x2215\x22\s*:\s*\x22([0-9]{6})\x22" grammar="'{&quot;01&quot;:&quot;' gtin '&quot;,&quot;21&quot;:&quot;' serial '&quot;,&quot;15&quot;:&quot;' bestBeforeDate '&quot;}'" aiSequence="[&quot;01&quot;,&quot;21&quot;,&quot;15&quot;]" >
				<field seq="1" name="gtin" decimalMinimum="0" decimalMaximum="99999999999999" characterSet="[0-9]*" length="14" padChar="0" padDir="LEFT"/>
				<field seq="2" name="serial" characterSet="[!%-?A-Z_a-z\x22]*"/>
				<field seq="3" name="bestBeforeDate" characterSet="[0-9]*" length="6"/>
			</option>
			<option optionKey="3" pattern="^\{\s*\x2201\x22\s*:\s*\x22([0-9]{14})\x22\s*,\s*\x2221\x22\s*:\s*\x22((?:[!%-?A-Z_a-z]|\\\x22){1,20})\x22\s*,\s*\x2216\x22\s*:\s*\x22([0-9]{6})\x22" grammar="'{&quot;01&quot;:&quot;' gtin '&quot;,&quot;21&quot;:&quot;' serial '&quot;,&quot;16&quot;:&quot;' sellByDate '&quot;}'" aiSequence="[&quot;01&quot;,&quot;21&quot;,&quot;16&quot;]" >
				<field seq="1" name="gtin" decimalMinimum="0" decimalMaximum="99999999999999" characterSet="[0-9]*" length="14" padChar="0" padDir="LEFT"/>
				<field seq="2" name="serial" characterSet="[!%-?A-Z_a-z\x22]*"/>
				<field seq="3" name="sellByDate" characterSet="[0-9]*" length="6"/>
			</option>
			<option optionKey="4" pattern="^\{\s*\x2201\x22\s*:\s*\x22([0-9]{14})\x22\s*,\s*\x2221\x22\s*:\s*\x22((?:[!%-?A-Z_a-z]|\\\x22){1,20})\x22\s*,\s*\x2217\x22\s*:\s*\x22([0-9]{6})\x22" grammar="'{&quot;01&quot;:&quot;' gtin '&quot;,&quot;21&quot;:&quot;' serial '&quot;,&quot;17&quot;:&quot;' expDate '&quot;}'" aiSequence="[&quot;01&quot;,&quot;21&quot;,&quot;17&quot;]" >
				<field seq="1" name="gtin" decimalMinimum="0" decimalMaximum="99999999999999" characterSet="[0-9]*" length="14" padChar="0" padDir="LEFT"/>
				<field seq="2" name="serial" characterSet="[!%-?A-Z_a-z\x22]*"/>
				<field seq="3" name="expDate" characterSet="[0-9]*" length="6"/>
			</option>
			<option optionKey="5" pattern="^\{\s*\x2201\x22\s*:\s*\x22([0-9]{14})\x22\s*,\s*\x2221\x22\s*:\s*\x22((?:[!%-?A-Z_a-z]|\\\x22){1,20})\x22\s*,\s*\x227006\x22\s*:\s*\x22([0-9]{6})\x22" grammar="'{&quot;01&quot;:&quot;' gtin '&quot;,&quot;21&quot;:&quot;' serial '&quot;,&quot;7006&quot;:&quot;' firstFreezeDate '&quot;}'" aiSequence="[&quot;01&quot;,&quot;21&quot;,&quot;7006&quot;]" >
				<field seq="1" name="gtin" decimalMinimum="0" decimalMaximum="99999999999999" characterSet="[0-9]*" length="14" padChar="0" padDir="LEFT"/>
				<field seq="2" name="serial" characterSet="[!%-?A-Z_a-z\x22]*"/>
				<field seq="3" name="firstFreezeDate" characterSet="[0-9]*" length="6"/>
			</option>
			<option optionKey="6" pattern="^\{\s*\x2201\x22\s*:\s*\x22([0-9]{14})\x22\s*,\s*\x2221\x22\s*:\s*\x22((?:[!%-?A-Z_a-z]|\\\x22){1,20})\x22\s*,\s*\x227007\x22\s*:\s*\x22([0-9]{6})\x22" grammar="'{&quot;01&quot;:&quot;' gtin '&quot;,&quot;21&quot;:&quot;' serial '&quot;,&quot;7007&quot;:&quot;' harvestDate '&quot;}'" aiSequence="[&quot;01&quot;,&quot;21&quot;,&quot;7007&quot;]" >
				<field seq="1" name="gtin" decimalMinimum="0" decimalMaximum="99999999999999" characterSet="[0-9]*" length="14" padChar="0" padDir="LEFT"/>
				<field seq="2" name="serial" characterSet="[!%-?A-Z_a-z\x22]*"/>
				<field seq="3" name="harvestDate" characterSet="[0-9]*" length="6"/>
			</option>
		</level>
		<level type="GS1_DIGITAL_LINK" prefixMatch="http" requiredFormattingParameters="uriStem" gs1DigitalLinkKeyQualifiers="[&quot;22&quot;,&quot;10&quot;,&quot;21&quot;]" >
			<option optionKey="0" pattern="\/01\/([0-9]{14})\/21\/((?:[A-Za-z0-9\x22._-]|%21|%26|%27|%28|%29|%2A|%2B|%2C|%2F|%3A|%3B|%3C|%3D|%3E|%3F|%25){1,20})\?11=([0-9]{6})(?:\&|$)" grammar="uriStem '/01/' gtin '/21/' urlEscapedSerial '?11=' prodDate" aiSequence="[&quot;01&quot;,&quot;21&quot;,&quot;11&quot;]" >
				<field seq="1" name="gtin" decimalMinimum="0" decimalMaximum="99999999999999" characterSet="[0-9]*" length="14" padChar="0" padDir="LEFT"/>
				<field seq="2" name="urlEscapedSerial" characterSet="(?:[A-Za-z0-9\x22._-]|%21|%26|%27|%28|%29|%2A|%2B|%2C|%2F|%3A|%3B|%3C|%3D|%3E|%3F|%25)*"/>
				<field seq="3" name="prodDate" characterSet="[0-9]*" length="6"/>
			</option>
			<option optionKey="1" pattern="\/01\/([0-9]{14})\/21\/((?:[A-Za-z0-9\x22._-]|%21|%26|%27|%28|%29|%2A|%2B|%2C|%2F|%3A|%3B|%3C|%3D|%3E|%3F|%25){1,20})\?13=([0-9]{6})(?:\&|$)" grammar="uriStem '/01/' gtin '/21/' urlEscapedSerial '?13=' packDate" aiSequence="[&quot;01&quot;,&quot;21&quot;,&quot;13&quot;]" >
				<field seq="1" name="gtin" decimalMinimum="0" decimalMaximum="99999999999999" characterSet="[0-9]*" length="14" padChar="0" padDir="LEFT"/>
				<field seq="2" name="urlEscapedSerial" characterSet="(?:[A-Za-z0-9\x22._-]|%21|%26|%27|%28|%29|%2A|%2B|%2C|%2F|%3A|%3B|%3C|%3D|%3E|%3F|%25)*"/>
				<field seq="3" name="packDate" characterSet="[0-9]*" length="6"/>
			</option>
			<option optionKey="2" pattern="\/01\/([0-9]{14})\/21\/((?:[A-Za-z0-9\x22._-]|%21|%26|%27|%28|%29|%2A|%2B|%2C|%2F|%3A|%3B|%3C|%3D|%3E|%3F|%25){1,20})\?15=([0-9]{6})(?:\&|$)" grammar="uriStem '/01/' gtin '/21/' urlEscapedSerial '?15=' bestBeforeDate" aiSequence="[&quot;01&quot;,&quot;21&quot;,&quot;15&quot;]" >
				<field seq="1" name="gtin" decimalMinimum="0" decimalMaximum="99999999999999" characterSet="[0-9]*" length="14" padChar="0" padDir="LEFT"/>
				<field seq="2" name="urlEscapedSerial" characterSet="(?:[A-Za-z0-9\x22._-]|%21|%26|%27|%28|%29|%2A|%2B|%2C|%2F|%3A|%3B|%3C|%3D|%3E|%3F|%25)*"/>
				<field seq="3" name="bestBeforeDate" characterSet="[0-9]*" length="6"/>
			</option>
			<option optionKey="3" pattern="\/01\/([0-9]{14})\/21\/((?:[A-Za-z0-9\x22._-]|%21|%26|%27|%28|%29|%2A|%2B|%2C|%2F|%3A|%3B|%3C|%3D|%3E|%3F|%25){1,20})\?16=([0-9]{6})(?:\&|$)" grammar="uriStem '/01/' gtin '/21/' urlEscapedSerial '?16=' sellByDate" aiSequence="[&quot;01&quot;,&quot;21&quot;,&quot;16&quot;]" >
				<field seq="1" name="gtin" decimalMinimum="0" decimalMaximum="99999999999999" characterSet="[0-9]*" length="14" padChar="0" padDir="LEFT"/>
				<field seq="2" name="urlEscapedSerial" characterSet="(?:[A-Za-z0-9\x22._-]|%21|%26|%27|%28|%29|%2A|%2B|%2C|%2F|%3A|%3B|%3C|%3D|%3E|%3F|%25)*"/>
				<field seq="3" name="sellByDate" characterSet="[0-9]*" length="6"/>
			</option>
			<option optionKey="4" pattern="\/01\/([0-9]{14})\/21\/((?:[A-Za-z0-9\x22._-]|%21|%26|%27|%28|%29|%2A|%2B|%2C|%2F|%3A|%3B|%3C|%3D|%3E|%3F|%25){1,20})\?17=([0-9]{6})(?:\&|$)" grammar="uriStem '/01/' gtin '/21/' urlEscapedSerial '?17=' expDate" aiSequence="[&quot;01&quot;,&quot;21&quot;,&quot;17&quot;]" >
				<field seq="1" name="gtin" decimalMinimum="0" decimalMaximum="99999999999999" characterSet="[0-9]*" length="14" padChar="0" padDir="LEFT"/>
				<field seq="2" name="urlEscapedSerial" characterSet="(?:[A-Za-z0-9\x22._-]|%21|%26|%27|%28|%29|%2A|%2B|%2C|%2F|%3A|%3B|%3C|%3D|%3E|%3F|%25)*"/>
				<field seq="3" name="expDate" characterSet="[0-9]*" length="6"/>
			</option>
			<option optionKey="5" pattern="\/01\/([0-9]{14})\/21\/((?:[A-Za-z0-9\x22._-]|%21|%26|%27|%28|%29|%2A|%2B|%2C|%2F|%3A|%3B|%3C|%3D|%3E|%3F|%25){1,20})\?7006=([0-9]{6})(?:\&|$)" grammar="uriStem '/01/' gtin '/21/' urlEscapedSerial '?7006=' firstFreezeDate" aiSequence="[&quot;01&quot;,&quot;21&quot;,&quot;7006&quot;]" >
				<field seq="1" name="gtin" decimalMinimum="0" decimalMaximum="99999999999999" characterSet="[0-9]*" length="14" padChar="0" padDir="LEFT"/>
				<field seq="2" name="urlEscapedSerial" characterSet="(?:[A-Za-z0-9\x22._-]|%21|%26|%27|%28|%29|%2A|%2B|%2C|%2F|%3A|%3B|%3C|%3D|%3E|%3F|%25)*"/>
				<field seq="3" name="firstFreezeDate" characterSet="[0-9]*" length="6"/>
			</option>
			<option optionKey="6" pattern="\/01\/([0-9]{14})\/21\/((?:[A-Za-z0-9\x22._-]|%21|%26|%27|%28|%29|%2A|%2B|%2C|%2F|%3A|%3B|%3C|%3D|%3E|%3F|%25){1,20})\?7007=([0-9]{6})(?:\&|$)" grammar="uriStem '/01/' gtin '/21/' urlEscapedSerial '?7007=' harvestDate" aiSequence="[&quot;01&quot;,&quot;21&quot;,&quot;7007&quot;]" >
				<field seq="1" name="gtin" decimalMinimum="0" decimalMaximum="99999999999999" characterSet="[0-9]*" length="14" padChar="0" padDir="LEFT"/>
				<field seq="2" name="urlEscapedSerial" characterSet="(?:[A-Za-z0-9\x22._-]|%21|%26|%27|%28|%29|%2A|%2B|%2C|%2F|%3A|%3B|%3C|%3D|%3E|%3F|%25)*"/>
				<field seq="3" name="harvestDate" characterSet="[0-9]*" length="6"/>
			</option>
			<rule type="EXTRACT" inputFormat="STRING" seq="1" newFieldName="serial" characterSet="[!%-?A-Z_a-z\x22]*" function="URLDECODE(urlEscapedSerial)"/>
			<rule type="FORMAT" inputFormat="STRING" seq="1" newFieldName="urlEscapedSerial" characterSet="(?:[A-Za-z0-9\x22._-]|%21|%26|%27|%28|%29|%2A|%2B|%2C|%2F|%3A|%3B|%3C|%3D|%3E|%3F|%25)*" function="URLENCODE(serial)"/>
		</level>
	</scheme>
</tdt:epcTagDataTranslation>
