<?xml version="1.0" encoding="UTF-8"?>
<tdt:epcTagDataTranslation version="2.2" date="2024-11-18T16:30:00Z" epcTDSVersion="2.2" xmlns:tdt="urn:epcglobal:tdt:xsd:2" xmlns:xsi="http://www.w3.org/2001/XMLSchema-instance" xsi:schemaLocation="urn:epcglobal:tdt:xsd:2 EpcTagDataTranslation.xsd">
	<scheme name="GRAI-170" optionKey="gs1companyprefixlength" tagLength="170">
		<level type="BINARY" prefixMatch="00110111" requiredFormattingParameters="filter,tagLength">
			<option optionKey="12" pattern="^00110111([01]{3})000([01]{40})([01]{4})([01]{112})" grammar="'00110111' filter '000' gs1companyprefix assettype serial">
				<field seq="1" name="filter" decimalMinimum="0" decimalMaximum="7" characterSet="[01]*" length="1" bitPadDir="LEFT" bitLength="3"/>
				<field seq="2" name="gs1companyprefix" decimalMinimum="0" decimalMaximum="999999999999" characterSet="[01]*" length="12" bitPadDir="LEFT" bitLength="40"/>
				<field seq="3" name="assettype" decimalMinimum="0" decimalMaximum="0" characterSet="[01]*" length="0" bitPadDir="LEFT" bitLength="4"/>
				<field seq="4" name="serial" characterSet="[01]*" bitPadDir="RIGHT" bitLength="112" compaction="7-bit"/>
			</option>
			<option optionKey="11" pattern="^00110111([01]{3})001([01]{37})([01]{7})([01]{112})" grammar="'00110111' filter '001' gs1companyprefix assettype serial">
				<field seq="1" name="filter" decimalMinimum="0" decimalMaximum="7" characterSet="[01]*" length="1" bitPadDir="LEFT" bitLength="3"/>
				<field seq="2" name="gs1companyprefix" decimalMinimum="0" decimalMaximum="99999999999" characterSet="[01]*" length="11" bitPadDir="LEFT" bitLength="37"/>
				<field seq="3" name="assettype" decimalMinimum="0" decimalMaximum="9" characterSet="[01]*" length="1" bitPadDir="LEFT" bitLength="7"/>
				<field seq="4" name="serial" characterSet="[01]*" bitPadDir="RIGHT" bitLength="112" compaction="7-bit"/>
			</option>
			<option optionKey="10" pattern="^00110111([01]{3})010([01]{34})([01]{10})([01]{112})" grammar="'00110111' filter '010' gs1companyprefix assettype serial">
				<field seq="1" name="filter" decimalMinimum="0" decimalMaximum="7" characterSet="[01]*" length="1" bitPadDir="LEFT" bitLength="3"/>
				<field seq="2" name="gs1companyprefix" decimalMinimum="0" decimalMaximum="9999999999" characterSet="[01]*" length="10" bitPadDir="LEFT" bitLength="34"/>
				<field seq="3" name="assettype" decimalMinimum="0" decimalMaximum="99" characterSet="[01]*" length="2" bitPadDir="LEFT" bitLength="10"/>
				<field seq="4" name="serial" characterSet="[01]*" bitPadDir="RIGHT" bitLength="112" compaction="7-bit"/>
			</option>
			<option optionKey="9" pattern="^00110111([01]{3})011([01]{30})([01]{14})([01]{112})" grammar="'00110111' filter '011' gs1companyprefix assettype serial">
				<field seq="1" name="filter" decimalMinimum="0" decimalMaximum="7" characterSet="[01]*" length="1" bitPadDir="LEFT" bitLength="3"/>
				<field seq="2" name="gs1companyprefix" decimalMinimum="0" decimalMaximum="999999999" characterSet="[01]*" length="9" bitPadDir="LEFT" bitLength="30"/>
				<field seq="3" name="assettype" decimalMinimum="0" decimalMaximum="999" characterSet="[01]*" length="3" bitPadDir="LEFT" bitLength="14"/>
				<field seq="4" name="serial" characterSet="[01]*" bitPadDir="RIGHT" bitLength="112" compaction="7-bit"/>
			</option>
			<option optionKey="8" pattern="^00110111([01]{3})100([01]{27})([01]{17})([01]{112})" grammar="'00110111' filter '100' gs1companyprefix assettype serial">
				<field seq="1" name="filter" decimalMinimum="0" decimalMaximum="7" characterSet="[01]*" length="1" bitPadDir="LEFT" bitLength="3"/>
				<field seq="2" name="gs1companyprefix" decimalMinimum="0" decimalMaximum="99999999" characterSet="[01]*" length="8" bitPadDir="LEFT" bitLength="27"/>
				<field seq="3" name="assettype" decimalMinimum="0" decimalMaximum="9999" characterSet="[01]*" length="4" bitPadDir="LEFT" bitLength="17"/>
				<field seq="4" name="serial" characterSet="[01]*" bitPadDir="RIGHT" bitLength="112" compaction="7-bit"/>
			</option>
			<option optionKey="7" pattern="^00110111([01]{3})101([01]{24})([01]{20})([01]{112})" grammar="'00110111' filter '101' gs1companyprefix assettype serial">
				<field seq="1" name="filter" decimalMinimum="0" decimalMaximum="7" characterSet="[01]*" length="1" bitPadDir="LEFT" bitLength="3"/>
				<field seq="2" name="gs1companyprefix" decimalMinimum="0" decimalMaximum="9999999" characterSet="[01]*" length="7" bitPadDir="LEFT" bitLength="24"/>
				<field seq="3" name="assettype" decimalMinimum="0" decimalMaximum="99999" characterSet="[01]*" length="5" bitPadDir="LEFT" bitLength="20"/>
				<field seq="4" name="serial" characterSet="[01]*" bitPadDir="RIGHT" bitLength="112" compaction="7-bit"/>
			</option>
			<option optionKey="6" pattern="^00110111([01]{3})110([01]{20})([01]{24})([01]{112})" grammar="'00110111' filter '110' gs1companyprefix assettype serial">
				<field seq="1" name="filter" decimalMinimum="0" decimalMaximum="7" characterSet="[01]*" length="1" bitPadDir="LEFT" bitLength="3"/>
				<field seq="2" name="gs1companyprefix" decimalMinimum="0" decimalMaximum="999999" characterSet="[01]*" length="6" bitPadDir="LEFT" bitLength="20"/>
				<field seq="3" name="assettype" decimalMinimum="0" decimalMaximum="999999" characterSet="[01]*" length="6" bitPadDir="LEFT" bitLength="24"/>
				<field seq="4" name="serial" characterSet="[01]*" bitPadDir="RIGHT" bitLength="112" compaction="7-bit"/>
			</option>
		</level>
		<level type="TAG_ENCODING" prefixMatch="urn:epc:tag:grai-170" requiredFormattingParameters="filter,tagLength">
			<option optionKey="12" pattern="^urn:epc:tag:grai-170:([0-7]{1})\.([0-9]{12})\.([0-9]{0})\.((?:[A-Za-z0-9!'()*+,.:;=_-]|%22|%26|%2F|%3C|%3E|%3F|%25){1,16})$" grammar="'urn:epc:tag:grai-170:' filter '.' gs1companyprefix '.' assettype '.' urnEscapedSerial">
				<field seq="1" name="filter" decimalMinimum="0" decimalMaximum="7" characterSet="[0-7]*" length="1" padChar="0" padDir="LEFT"/>
				<field seq="2" name="gs1companyprefix" decimalMinimum="0" decimalMaximum="999999999999" characterSet="[0-9]*" length="12" padChar="0" padDir="LEFT"/>
				<field seq="3" name="assettype" decimalMinimum="0" decimalMaximum="0" characterSet="[0-9]*" length="0" padChar="0" padDir="LEFT"/>
				<field seq="4" name="urnEscapedSerial" characterSet="(?:[A-Za-z0-9!'()*+,.:;=_-]|%22|%26|%2F|%3C|%3E|%3F|%25)*"/>
			</option>
			<option optionKey="11" pattern="^urn:epc:tag:grai-170:([0-7]{1})\.([0-9]{11})\.([0-9]{1})\.((?:[A-Za-z0-9!'()*+,.:;=_-]|%22|%26|%2F|%3C|%3E|%3F|%25){1,16})$" grammar="'urn:epc:tag:grai-170:' filter '.' gs1companyprefix '.' assettype '.' urnEscapedSerial">
				<field seq="1" name="filter" decimalMinimum="0" decimalMaximum="7" characterSet="[0-7]*" length="1" padChar="0" padDir="LEFT"/>
				<field seq="2" name="gs1companyprefix" decimalMinimum="0" decimalMaximum="99999999999" characterSet="[0-9]*" length="11" padChar="0" padDir="LEFT"/>
				<field seq="3" name="assettype" decimalMinimum="0" decimalMaximum="9" characterSet="[0-9]*" length="1" padChar="0" padDir="LEFT"/>
				<field seq="4" name="urnEscapedSerial" characterSet="(?:[A-Za-z0-9!'()*+,.:;=_-]|%22|%26|%2F|%3C|%3E|%3F|%25)*"/>
			</option>
			<option optionKey="10" pattern="^urn:epc:tag:grai-170:([0-7]{1})\.([0-9]{10})\.([0-9]{2})\.((?:[A-Za-z0-9!'()*+,.:;=_-]|%22|%26|%2F|%3C|%3E|%3F|%25){1,16})$" grammar="'urn:epc:tag:grai-170:' filter '.' gs1companyprefix '.' assettype '.' urnEscapedSerial">
				<field seq="1" name="filter" decimalMinimum="0" decimalMaximum="7" characterSet="[0-7]*" length="1" padChar="0" padDir="LEFT"/>
				<field seq="2" name="gs1companyprefix" decimalMinimum="0" decimalMaximum="9999999999" characterSet="[0-9]*" length="10" padChar="0" padDir="LEFT"/>
				<field seq="3" name="assettype" decimalMinimum="0" decimalMaximum="99" characterSet="[0-9]*" length="2" padChar="0" padDir="LEFT"/>
				<field seq="4" name="urnEscapedSerial" characterSet="(?:[A-Za-z0-9!'()*+,.:;=_-]|%22|%26|%2F|%3C|%3E|%3F|%25)*"/>
			</option>
			<option optionKey="9" pattern="^urn:epc:tag:grai-170:([0-7]{1})\.([0-9]{9})\.([0-9]{3})\.((?:[A-Za-z0-9!'()*+,.:;=_-]|%22|%26|%2F|%3C|%3E|%3F|%25){1,16})$" grammar="'urn:epc:tag:grai-170:' filter '.' gs1companyprefix '.' assettype '.' urnEscapedSerial">
				<field seq="1" name="filter" decimalMinimum="0" decimalMaximum="7" characterSet="[0-7]*" length="1" padChar="0" padDir="LEFT"/>
				<field seq="2" name="gs1companyprefix" decimalMinimum="0" decimalMaximum="999999999" characterSet="[0-9]*" length="9" padChar="0" padDir="LEFT"/>
				<field seq="3" name="assettype" decimalMinimum="0" decimalMaximum="999" characterSet="[0-9]*" length="3" padChar="0" padDir="LEFT"/>
				<field seq="4" name="urnEscapedSerial" characterSet="(?:[A-Za-z0-9!'()*+,.:;=_-]|%22|%26|%2F|%3C|%3E|%3F|%25)*"/>
			</option>
			<option optionKey="8" pattern="^urn:epc:tag:grai-170:([0-7]{1})\.([0-9]{8})\.([0-9]{4})\.((?:[A-Za-z0-9!'()*+,.:;=_-]|%22|%26|%2F|%3C|%3E|%3F|%25){1,16})$" grammar="'urn:epc:tag:grai-170:' filter '.' gs1companyprefix '.' assettype '.' urnEscapedSerial">
				<field seq="1" name="filter" decimalMinimum="0" decimalMaximum="7" characterSet="[0-7]*" length="1" padChar="0" padDir="LEFT"/>
				<field seq="2" name="gs1companyprefix" decimalMinimum="0" decimalMaximum="99999999" characterSet="[0-9]*" length="8" padChar="0" padDir="LEFT"/>
				<field seq="3" name="assettype" decimalMinimum="0" decimalMaximum="9999" characterSet="[0-9]*" length="4" padChar="0" padDir="LEFT"/>
				<field seq="4" name="urnEscapedSerial" characterSet="(?:[A-Za-z0-9!'()*+,.:;=_-]|%22|%26|%2F|%3C|%3E|%3F|%25)*"/>
			</option>
			<option optionKey="7" pattern="^urn:epc:tag:grai-170:([0-7]{1})\.([0-9]{7})\.([0-9]{5})\.((?:[A-Za-z0-9!'()*+,.:;=_-]|%22|%26|%2F|%3C|%3E|%3F|%25){1,16})$" grammar="'urn:epc:tag:grai-170:' filter '.' gs1companyprefix '.' assettype '.' urnEscapedSerial">
				<field seq="1" name="filter" decimalMinimum="0" decimalMaximum="7" characterSet="[0-7]*" length="1" padChar="0" padDir="LEFT"/>
				<field seq="2" name="gs1companyprefix" decimalMinimum="0" decimalMaximum="9999999" characterSet="[0-9]*" length="7" padChar="0" padDir="LEFT"/>
				<field seq="3" name="assettype" decimalMinimum="0" decimalMaximum="99999" characterSet="[0-9]*" length="5" padChar="0" padDir="LEFT"/>
				<field seq="4" name="urnEscapedSerial" characterSet="(?:[A-Za-z0-9!'()*+,.:;=_-]|%22|%26|%2F|%3C|%3E|%3F|%25)*"/>
			</option>
			<option optionKey="6" pattern="^urn:epc:tag:grai-170:([0-7]{1})\.([0-9]{6})\.([0-9]{6})\.((?:[A-Za-z0-9!'()*+,.:;=_-]|%22|%26|%2F|%3C|%3E|%3F|%25){1,16})$" grammar="'urn:epc:tag:grai-170:' filter '.' gs1companyprefix '.' assettype '.' urnEscapedSerial">
				<field seq="1" name="filter" decimalMinimum="0" decimalMaximum="7" characterSet="[0-7]*" length="1" padChar="0" padDir="LEFT"/>
				<field seq="2" name="gs1companyprefix" decimalMinimum="0" decimalMaximum="999999" characterSet="[0-9]*" length="6" padChar="0" padDir="LEFT"/>
				<field seq="3" name="assettype" decimalMinimum="0" decimalMaximum="999999" characterSet="[0-9]*" length="6" padChar="0" padDir="LEFT"/>
				<field seq="4" name="urnEscapedSerial" characterSet="(?:[A-Za-z0-9!'()*+,.:;=_-]|%22|%26|%2F|%3C|%3E|%3F|%25)*"/>
			</option>
			<rule type="EXTRACT" inputFormat="STRING" seq="1" newFieldName="serial" characterSet="[!%-?A-Z_a-z\x22]*" function="URNDECODE(urnEscapedSerial)"/>
			<rule type="FORMAT" inputFormat="STRING" seq="1" newFieldName="urnEscapedSerial" characterSet="(?:[A-Za-z0-9!'()*+,.:;=_-]|%22|%26|%2F|%3C|%3E|%3F|%25)*" function="URNENCODE(serial)"/>
		</level>
		<level type="PURE_IDENTITY" prefixMatch="urn:epc:id:grai">
			<option optionKey="12" pattern="^urn:epc:id:grai:([0-9]{12})\.([0-9]{0})\.((?:[A-Za-z0-9!'()*+,.:;=_-]|%22|%26|%2F|%3C|%3E|%3F|%25){1,16})$" grammar="'urn:epc:id:grai:' gs1companyprefix '.' assettype '.' urnEscapedSerial">
				<field seq="1" name="gs1companyprefix" decimalMinimum="0" decimalMaximum="999999999999" characterSet="[0-9]*" length="12" padChar="0" padDir="LEFT"/>
				<field seq="2" name="assettype" decimalMinimum="0" decimalMaximum="0" characterSet="[0-9]*" length="0" padChar="0" padDir="LEFT"/>
				<field seq="3" name="urnEscapedSerial" characterSet="(?:[A-Za-z0-9!'()*+,.:;=_-]|%22|%26|%2F|%3C|%3E|%3F|%25)*"/>
			</option>
			<option optionKey="11" pattern="^urn:epc:id:grai:([0-9]{11})\.([0-9]{1})\.((?:[A-Za-z0-9!'()*+,.:;=_-]|%22|%26|%2F|%3C|%3E|%3F|%25){1,16})$" grammar="'urn:epc:id:grai:' gs1companyprefix '.' assettype '.' urnEscapedSerial">
				<field seq="1" name="gs1companyprefix" decimalMinimum="0" decimalMaximum="99999999999" characterSet="[0-9]*" length="11" padChar="0" padDir="LEFT"/>
				<field seq="2" name="assettype" decimalMinimum="0" decimalMaximum="9" characterSet="[0-9]*" length="1" padChar="0" padDir="LEFT"/>
				<field seq="3" name="urnEscapedSerial" characterSet="(?:[A-Za-z0-9!'()*+,.:;=_-]|%22|%26|%2F|%3C|%3E|%3F|%25)*"/>
			</option>
			<option optionKey="10" pattern="^urn:epc:id:grai:([0-9]{10})\.([0-9]{2})\.((?:[A-Za-z0-9!'()*+,.:;=_-]|%22|%26|%2F|%3C|%3E|%3F|%25){1,16})$" grammar="'urn:epc:id:grai:' gs1companyprefix '.' assettype '.' urnEscapedSerial">
				<field seq="1" name="gs1companyprefix" decimalMinimum="0" decimalMaximum="9999999999" characterSet="[0-9]*" length="10" padChar="0" padDir="LEFT"/>
				<field seq="2" name="assettype" decimalMinimum="0" decimalMaximum="99" characterSet="[0-9]*" length="2" padChar="0" padDir="LEFT"/>
				<field seq="3" name="urnEscapedSerial" characterSet="(?:[A-Za-z0-9!'()*+,.:;=_-]|%22|%26|%2F|%3C|%3E|%3F|%25)*"/>
			</option>
			<option optionKey="9" pattern="^urn:epc:id:grai:([0-9]{9})\.([0-9]{3})\.((?:[A-Za-z0-9!'()*+,.:;=_-]|%22|%26|%2F|%3C|%3E|%3F|%25){1,16})$" grammar="'urn:epc:id:grai:' gs1companyprefix '.' assettype '.' urnEscapedSerial">
				<field seq="1" name="gs1companyprefix" decimalMinimum="0" decimalMaximum="999999999" characterSet="[0-9]*" length="9" padChar="0" padDir="LEFT"/>
				<field seq="2" name="assettype" decimalMinimum="0" decimalMaximum="999" characterSet="[0-9]*" length="3" padChar="0" padDir="LEFT"/>
				<field seq="3" name="urnEscapedSerial" characterSet="(?:[A-Za-z0-9!'()*+,.:;=_-]|%22|%26|%2F|%3C|%3E|%3F|%25)*"/>
			</option>
			<option optionKey="8" pattern="^urn:epc:id:grai:([0-9]{8})\.([0-9]{4})\.((?:[A-Za-z0-9!'()*+,.:;=_-]|%22|%26|%2F|%3C|%3E|%3F|%25){1,16})$" grammar="'urn:epc:id:grai:' gs1companyprefix '.' assettype '.' urnEscapedSerial">
				<field seq="1" name="gs1companyprefix" decimalMinimum="0" decimalMaximum="99999999" characterSet="[0-9]*" length="8" padChar="0" padDir="LEFT"/>
				<field seq="2" name="assettype" decimalMinimum="0" decimalMaximum="9999" characterSet="[0-9]*" length="4" padChar="0" padDir="LEFT"/>
				<field seq="3" name="urnEscapedSerial" characterSet="(?:[A-Za-z0-9!'()*+,.:;=_-]|%22|%26|%2F|%3C|%3E|%3F|%25)*"/>
			</option>
			<option optionKey="7" pattern="^urn:epc:id:grai:([0-9]{7})\.([0-9]{5})\.((?:[A-Za-z0-9!'()*+,.:;=_-]|%22|%26|%2F|%3C|%3E|%3F|%25){1,16})$" grammar="'urn:epc:id:grai:' gs1companyprefix '.' assettype '.' urnEscapedSerial">
				<field seq="1" name="gs1companyprefix" decimalMinimum="0" decimalMaximum="9999999" characterSet="[0-9]*" length="7" padChar="0" padDir="LEFT"/>
				<field seq="2" name="assettype" decimalMinimum="0" decimalMaximum="99999" characterSet="[0-9]*" length="5" padChar="0" padDir="LEFT"/>
				<field seq="3" name="urnEscapedSerial" characterSet="(?:[A-Za-z0-9!'()*+,.:;=_-]|%22|%26|%2F|%3C|%3E|%3F|%25)*"/>
			</option>
			<option optionKey="6" pattern="^urn:epc:id:grai:([0-9]{6})\.([0-9]{6})\.((?:[A-Za-z0-9!'()*+,.:;=_-]|%22|%26|%2F|%3C|%3E|%3F|%25){1,16})$" grammar="'urn:epc:id:grai:' gs1companyprefix '.' assettype '.' urnEscapedSerial">
				<field seq="1" name="gs1companyprefix" decimalMinimum="0" decimalMaximum="999999" characterSet="[0-9]*" length="6" padChar="0" padDir="LEFT"/>
				<field seq="2" name="assettype" decimalMinimum="0" decimalMaximum="999999" characterSet="[0-9]*" length="6" padChar="0" padDir="LEFT"/>
				<field seq="3" name="urnEscapedSerial" characterSet="(?:[A-Za-z0-9!'()*+,.:;=_-]|%22|%26|%2F|%3C|%3E|%3F|%25)*"/>
			</option>
			<rule type="EXTRACT" inputFormat="STRING" seq="1" newFieldName="serial" characterSet="[!%-?A-Z_a-z\x22]*" function="URNDECODE(urnEscapedSerial)"/>
			<rule type="FORMAT" inputFormat="STRING" seq="1" newFieldName="urnEscapedSerial" characterSet="(?:[A-Za-z0-9!'()*+,.:;=_-]|%22|%26|%2F|%3C|%3E|%3F|%25)*" function="URNENCODE(serial)"/>
		</level>
		<level type="BARE_IDENTIFIER" prefixMatch="grai=" requiredParsingParameters="gs1companyprefixlength">
			<option optionKey="12" pattern="^grai=([0-9]{12})[0-9]([!%-?A-Z_a-z\x22]{1,16})$" grammar="'grai=' gs1companyprefix assettype checkdigit serial">
				<field seq="1" name="graiprefix" decimalMinimum="0" decimalMaximum="999999999999" characterSet="[0-9]*" length="12" gcpOffset="0"/>
				<field seq="2" name="serial" characterSet="[!%-?A-Z_a-z\x22]*"/>
			</option>
			<option optionKey="11" pattern="^grai=([0-9]{12})[0-9]([!%-?A-Z_a-z\x22]{1,16})$" grammar="'grai=' gs1companyprefix assettype checkdigit serial">
				<field seq="1" name="graiprefix" decimalMinimum="0" decimalMaximum="999999999999" characterSet="[0-9]*" length="12" gcpOffset="0"/>
				<field seq="2" name="serial" characterSet="[!%-?A-Z_a-z\x22]*"/>
			</option>
			<option optionKey="10" pattern="^grai=([0-9]{12})[0-9]([!%-?A-Z_a-z\x22]{1,16})$" grammar="'grai=' gs1companyprefix assettype checkdigit serial">
				<field seq="1" name="graiprefix" decimalMinimum="0" decimalMaximum="999999999999" characterSet="[0-9]*" length="12" gcpOffset="0"/>
				<field seq="2" name="serial" characterSet="[!%-?A-Z_a-z\x22]*"/>
			</option>
			<option optionKey="9" pattern="^grai=([0-9]{12})[0-9]([!%-?A-Z_a-z\x22]{1,16})$" grammar="'grai=' gs1companyprefix assettype checkdigit serial">
				<field seq="1" name="graiprefix" decimalMinimum="0" decimalMaximum="999999999999" characterSet="[0-9]*" length="12" gcpOffset="0"/>
				<field seq="2" name="serial" characterSet="[!%-?A-Z_a-z\x22]*"/>
			</option>
			<option optionKey="8" pattern="^grai=([0-9]{12})[0-9]([!%-?A-Z_a-z\x22]{1,16})$" grammar="'grai=' gs1companyprefix assettype checkdigit serial">
				<field seq="1" name="graiprefix" decimalMinimum="0" decimalMaximum="999999999999" characterSet="[0-9]*" length="12" gcpOffset="0"/>
				<field seq="2" name="serial" characterSet="[!%-?A-Z_a-z\x22]*"/>
			</option>
			<option optionKey="7" pattern="^grai=([0-9]{12})[0-9]([!%-?A-Z_a-z\x22]{1,16})$" grammar="'grai=' gs1companyprefix assettype checkdigit serial">
				<field seq="1" name="graiprefix" decimalMinimum="0" decimalMaximum="999999999999" characterSet="[0-9]*" length="12" gcpOffset="0"/>
				<field seq="2" name="serial" characterSet="[!%-?A-Z_a-z\x22]*"/>
			</option>
			<option optionKey="6" pattern="^grai=([0-9]{12})[0-9]([!%-?A-Z_a-z\x22]{1,16})$" grammar="'grai=' gs1companyprefix assettype checkdigit serial">
				<field seq="1" name="graiprefix" decimalMinimum="0" decimalMaximum="999999999999" characterSet="[0-9]*" length="12" gcpOffset="0"/>
				<field seq="2" name="serial" characterSet="[!%-?A-Z_a-z\x22]*"/>
			</option>
			<rule type="EXTRACT" inputFormat="STRING" seq="1" newFieldName="assettype" characterSet="[0-9]*" function="SUBSTR(graiprefix,gs1companyprefixlength)"/>
			<rule type="EXTRACT" inputFormat="STRING" seq="2" newFieldName="gs1companyprefix" characterSet="[0-9]*" function="SUBSTR(graiprefix,0,gs1companyprefixlength)"/>
			<rule type="FORMAT" inputFormat="STRING" seq="1" newFieldName="graiprefix" characterSet="[0-9]*" length="12" function="CONCAT(gs1companyprefix,assettype)"/>
			<rule type="FORMAT" inputFormat="STRING" seq="2" newFieldName="checkdigit" characterSet="[0-9]*" length="1" function="GS1CHECKSUM(graiprefix)"/>
		</level>
		<level type="GS1_AI_JSON" prefixMatch="{" requiredParsingParameters="gs1companyprefixlength">
			<option optionKey="12" pattern="^\{\s*\x228003\x22\s*:\s*\x220([0-9]{12})[0-9]((?:[!%-?A-Z_a-z]|\\\x22){1,16})\x22" grammar="'{&quot;8003&quot;:&quot;' '0' gs1companyprefix assettype checkdigit serial '&quot;}'" aiSequence="[&quot;8003&quot;]" >
				<field seq="1" name="graiprefix" decimalMinimum="0" decimalMaximum="999999999999" characterSet="[0-9]*" length="12" gcpOffset="0"/>
				<field seq="2" name="serial" characterSet="[!%-?A-Z_a-z\x22]*"/>
			</option>
			<option optionKey="11" pattern="^\{\s*\x228003\x22\s*:\s*\x220([0-9]{12})[0-9]((?:[!%-?A-Z_a-z]|\\\x22){1,16})\x22" grammar="'{&quot;8003&quot;:&quot;' '0' gs1companyprefix assettype checkdigit serial '&quot;}'" aiSequence="[&quot;8003&quot;]" >
				<field seq="1" name="graiprefix" decimalMinimum="0" decimalMaximum="999999999999" characterSet="[0-9]*" length="12" gcpOffset="0"/>
				<field seq="2" name="serial" characterSet="[!%-?A-Z_a-z\x22]*"/>
			</option>
			<option optionKey="10" pattern="^\{\s*\x228003\x22\s*:\s*\x220([0-9]{12})[0-9]((?:[!%-?A-Z_a-z]|\\\x22){1,16})\x22" grammar="'{&quot;8003&quot;:&quot;' '0' gs1companyprefix assettype checkdigit serial '&quot;}'" aiSequence="[&quot;8003&quot;]" >
				<field seq="1" name="graiprefix" decimalMinimum="0" decimalMaximum="999999999999" characterSet="[0-9]*" length="12" gcpOffset="0"/>
				<field seq="2" name="serial" characterSet="[!%-?A-Z_a-z\x22]*"/>
			</option>
			<option optionKey="9" pattern="^\{\s*\x228003\x22\s*:\s*\x220([0-9]{12})[0-9]((?:[!%-?A-Z_a-z]|\\\x22){1,16})\x22" grammar="'{&quot;8003&quot;:&quot;' '0' gs1companyprefix assettype checkdigit serial '&quot;}'" aiSequence="[&quot;8003&quot;]" >
				<field seq="1" name="graiprefix" decimalMinimum="0" decimalMaximum="999999999999" characterSet="[0-9]*" length="12" gcpOffset="0"/>
				<field seq="2" name="serial" characterSet="[!%-?A-Z_a-z\x22]*"/>
			</option>
			<option optionKey="8" pattern="^\{\s*\x228003\x22\s*:\s*\x220([0-9]{12})[0-9]((?:[!%-?A-Z_a-z]|\\\x22){1,16})\x22" grammar="'{&quot;8003&quot;:&quot;' '0' gs1companyprefix assettype checkdigit serial '&quot;}'" aiSequence="[&quot;8003&quot;]" >
				<field seq="1" name="graiprefix" decimalMinimum="0" decimalMaximum="999999999999" characterSet="[0-9]*" length="12" gcpOffset="0"/>
				<field seq="2" name="serial" characterSet="[!%-?A-Z_a-z\x22]*"/>
			</option>
			<option optionKey="7" pattern="^\{\s*\x228003\x22\s*:\s*\x220([0-9]{12})[0-9]((?:[!%-?A-Z_a-z]|\\\x22){1,16})\x22" grammar="'{&quot;8003&quot;:&quot;' '0' gs1companyprefix assettype checkdigit serial '&quot;}'" aiSequence="[&quot;8003&quot;]" >
				<field seq="1" name="graiprefix" decimalMinimum="0" decimalMaximum="999999999999" characterSet="[0-9]*" length="12" gcpOffset="0"/>
				<field seq="2" name="serial" characterSet="[!%-?A-Z_a-z\x22]*"/>
			</option>
			<option optionKey="6" pattern="^\{\s*\x228003\x22\s*:\s*\x220([0-9]{12})[0-9]((?:[!%-?A-Z_a-z]|\\\x22){1,16})\x22" grammar="'{&quot;8003&quot;:&quot;' '0' gs1companyprefix assettype checkdigit serial '&quot;}'" aiSequence="[&quot;8003&quot;]" >
				<field seq="1" name="graiprefix" decimalMinimum="0" decimalMaximum="999999999999" characterSet="[0-9]*" length="12" gcpOffset="0"/>
				<field seq="2" name="serial" characterSet="[!%-?A-Z_a-z\x22]*"/>
			</option>
			<rule type="EXTRACT" inputFormat="STRING" seq="1" newFieldName="assettype" characterSet="[0-9]*" function="SUBSTR(graiprefix,gs1companyprefixlength)"/>
			<rule type="EXTRACT" inputFormat="STRING" seq="2" newFieldName="gs1companyprefix" characterSet="[0-9]*" function="SUBSTR(graiprefix,0,gs1companyprefixlength)"/>
			<rule type="FORMAT" inputFormat="STRING" seq="1" newFieldName="graiprefix" characterSet="[0-9]*" length="12" function="CONCAT(gs1companyprefix,assettype)"/>
			<rule type="FORMAT" inputFormat="STRING" seq="2" newFieldName="checkdigit" characterSet="[0-9]*" length="1" function="GS1CHECKSUM(graiprefix)"/>
		</level>
		<level type="GS1_DIGITAL_LINK" prefixMatch="http" requiredFormattingParameters="uriStem" requiredParsingParameters="gs1companyprefixlength" gs1DigitalLinkKeyQualifiers="[]" >
			<option optionKey="12" pattern="\/8003\/0([0-9]{12})[0-9]((?:[A-Za-z0-9\x22._-]|%21|%26|%27|%28|%29|%2A|%2B|%2C|%2F|%3A|%3B|%3C|%3D|%3E|%3F|%25){1,16})(?:\?|$)" grammar="uriStem '/8003/' '0' gs1companyprefix assettype checkdigit urlEscapedSerial" aiSequence="[&quot;8003&quot;]" >
				<field seq="1" name="graiprefix" decimalMinimum="0" decimalMaximum="999999999999" characterSet="[0-9]*" length="12" gcpOffset="0"/>
				<field seq="2" name="urlEscapedSerial" characterSet="(?:[A-Za-z0-9\x22._-]|%21|%26|%27|%28|%29|%2A|%2B|%2C|%2F|%3A|%3B|%3C|%3D|%3E|%3F|%25)*"/>
			</option>
			<option optionKey="11" pattern="\/8003\/0([0-9]{12})[0-9]((?:[A-Za-z0-9\x22._-]|%21|%26|%27|%28|%29|%2A|%2B|%2C|%2F|%3A|%3B|%3C|%3D|%3E|%3F|%25){1,16})(?:\?|$)" grammar="uriStem '/8003/' '0' gs1companyprefix assettype checkdigit urlEscapedSerial" aiSequence="[&quot;8003&quot;]" >
				<field seq="1" name="graiprefix" decimalMinimum="0" decimalMaximum="999999999999" characterSet="[0-9]*" length="12" gcpOffset="0"/>
				<field seq="2" name="urlEscapedSerial" characterSet="(?:[A-Za-z0-9\x22._-]|%21|%26|%27|%28|%29|%2A|%2B|%2C|%2F|%3A|%3B|%3C|%3D|%3E|%3F|%25)*"/>
			</option>
			<option optionKey="10" pattern="\/8003\/0([0-9]{12})[0-9]((?:[A-Za-z0-9\x22._-]|%21|%26|%27|%28|%29|%2A|%2B|%2C|%2F|%3A|%3B|%3C|%3D|%3E|%3F|%25){1,16})(?:\?|$)" grammar="uriStem '/8003/' '0' gs1companyprefix assettype checkdigit urlEscapedSerial" aiSequence="[&quot;8003&quot;]" >
				<field seq="1" name="graiprefix" decimalMinimum="0" decimalMaximum="999999999999" characterSet="[0-9]*" length="12" gcpOffset="0"/>
				<field seq="2" name="urlEscapedSerial" characterSet="(?:[A-Za-z0-9\x22._-]|%21|%26|%27|%28|%29|%2A|%2B|%2C|%2F|%3A|%3B|%3C|%3D|%3E|%3F|%25)*"/>
			</option>
			<option optionKey="9" pattern="\/8003\/0([0-9]{12})[0-9]((?:[A-Za-z0-9\x22._-]|%21|%26|%27|%28|%29|%2A|%2B|%2C|%2F|%3A|%3B|%3C|%3D|%3E|%3F|%25){1,16})(?:\?|$)" grammar="uriStem '/8003/' '0' gs1companyprefix assettype checkdigit urlEscapedSerial" aiSequence="[&quot;8003&quot;]" >
				<field seq="1" name="graiprefix" decimalMinimum="0" decimalMaximum="999999999999" characterSet="[0-9]*" length="12" gcpOffset="0"/>
				<field seq="2" name="urlEscapedSerial" characterSet="(?:[A-Za-z0-9\x22._-]|%21|%26|%27|%28|%29|%2A|%2B|%2C|%2F|%3A|%3B|%3C|%3D|%3E|%3F|%25)*"/>
			</option>
			<option optionKey="8" pattern="\/8003\/0([0-9]{12})[0-9]((?:[A-Za-z0-9\x22._-]|%21|%26|%27|%28|%29|%2A|%2B|%2C|%2F|%3A|%3B|%3C|%3D|%3E|%3F|%25){1,16})(?:\?|$)" grammar="uriStem '/8003/' '0' gs1companyprefix assettype checkdigit urlEscapedSerial" aiSequence="[&quot;8003&quot;]" >
				<field seq="1" name="graiprefix" decimalMinimum="0" decimalMaximum="999999999999" characterSet="[0-9]*" length="12" gcpOffset="0"/>
				<field seq="2" name="urlEscapedSerial" characterSet="(?:[A-Za-z0-9\x22._-]|%21|%26|%27|%28|%29|%2A|%2B|%2C|%2F|%3A|%3B|%3C|%3D|%3E|%3F|%25)*"/>
			</option>
			<option optionKey="7" pattern="\/8003\/0([0-9]{12})[0-9]((?:[A-Za-z0-9\x22._-]|%21|%26|%27|%28|%29|%2A|%2B|%2C|%2F|%3A|%3B|%3C|%3D|%3E|%3F|%25){1,16})(?:\?|$)" grammar="uriStem '/8003/' '0' gs1companyprefix assettype checkdigit urlEscapedSerial" aiSequence="[&quot;8003&quot;]" >
				<field seq="1" name="graiprefix" decimalMinimum="0" decimalMaximum="999999999999" characterSet="[0-9]*" length="12" gcpOffset="0"/>
				<field seq="2" name="urlEscapedSerial" characterSet="(?:[A-Za-z0-9\x22._-]|%21|%26|%27|%28|%29|%2A|%2B|%2C|%2F|%3A|%3B|%3C|%3D|%3E|%3F|%25)*"/>
			</option>
			<option optionKey="6" pattern="\/8003\/0([0-9]{12})[0-9]((?:[A-Za-z0-9\x22._-]|%21|%26|%27|%28|%29|%2A|%2B|%2C|%2F|%3A|%3B|%3C|%3D|%3E|%3F|%25){1,16})(?:\?|$)" grammar="uriStem '/8003/' '0' gs1companyprefix assettype checkdigit urlEscapedSerial" aiSequence="[&quot;8003&quot;]" >
				<field seq="1" name="graiprefix" decimalMinimum="0" decimalMaximum="999999999999" characterSet="[0-9]*" length="12" gcpOffset="0"/>
				<field seq="2" name="urlEscapedSerial" characterSet="(?:[A-Za-z0-9\x22._-]|%21|%26|%27|%28|%29|%2A|%2B|%2C|%2F|%3A|%3B|%3C|%3D|%3E|%3F|%25)*"/>
			</option>
			<rule type="EXTRACT" inputFormat="STRING" seq="1" newFieldName="assettype" characterSet="[0-9]*" function="SUBSTR(graiprefix,gs1companyprefixlength)"/>
			<rule type="EXTRACT" inputFormat="STRING" seq="2" newFieldName="gs1companyprefix" characterSet="[0-9]*" function="SUBSTR(graiprefix,0,gs1companyprefixlength)"/>
			<rule type="EXTRACT" inputFormat="STRING" seq="3" newFieldName="serial" characterSet="[!%-?A-Z_a-z\x22]*" function="URLDECODE(urlEscapedSerial)"/>
			<rule type="FORMAT" inputFormat="STRING" seq="1" newFieldName="graiprefix" characterSet="[0-9]*" length="12" function="CONCAT(gs1companyprefix,assettype)"/>
			<rule type="FORMAT" inputFormat="STRING" seq="2" newFieldName="checkdigit" characterSet="[0-9]*" length="1" function="GS1CHECKSUM(graiprefix)"/>
			<rule type="FORMAT" inputFormat="STRING" seq="3" newFieldName="urlEscapedSerial" characterSet="(?:[A-Za-z0-9\x22._-]|%21|%26|%27|%28|%29|%2A|%2B|%2C|%2F|%3A|%3B|%3C|%3D|%3E|%3F|%25)*" function="URLENCODE(serial)"/>
		</level>
	</scheme>
</tdt:epcTagDataTranslation>
