<?xml version="1.0" encoding="UTF-8"?>
<tdt:epcTagDataTranslation version="2.2" date="2024-11-18T16:30:00Z" epcTDSVersion="2.2" xmlns:tdt="urn:epcglobal:tdt:xsd:2" xmlns:xsi="http://www.w3.org/2001/XMLSchema-instance" xsi:schemaLocation="urn:epcglobal:tdt:xsd:2 EpcTagDataTranslation.xsd">
	<scheme name="GSRNP-96" optionKey="gs1companyprefixlength" tagLength="96">
		<level type="BINARY" prefixMatch="00101110" requiredFormattingParameters="filter,tagLength">
			<option optionKey="12" pattern="^00101110([01]{3})000([01]{40})([01]{18})000000000000000000000000" grammar="'00101110' filter '000' gs1companyprefix serviceref '000000000000000000000000'">
				<field seq="1" name="filter" decimalMinimum="0" decimalMaximum="7" characterSet="[01]*" length="1" bitPadDir="LEFT" bitLength="3"/>
				<field seq="2" name="gs1companyprefix" decimalMinimum="0" decimalMaximum="999999999999" characterSet="[01]*" length="12" bitPadDir="LEFT" bitLength="40"/>
				<field seq="3" name="serviceref" decimalMinimum="0" decimalMaximum="99999" characterSet="[01]*" length="5" bitPadDir="LEFT" bitLength="18"/>
			</option>
			<option optionKey="11" pattern="^00101110([01]{3})001([01]{37})([01]{21})000000000000000000000000" grammar="'00101110' filter '001' gs1companyprefix serviceref '000000000000000000000000'">
				<field seq="1" name="filter" decimalMinimum="0" decimalMaximum="7" characterSet="[01]*" length="1" bitPadDir="LEFT" bitLength="3"/>
				<field seq="2" name="gs1companyprefix" decimalMinimum="0" decimalMaximum="99999999999" characterSet="[01]*" length="11" bitPadDir="LEFT" bitLength="37"/>
				<field seq="3" name="serviceref" decimalMinimum="0" decimalMaximum="999999" characterSet="[01]*" length="6" bitPadDir="LEFT" bitLength="21"/>
			</option>
			<option optionKey="10" pattern="^00101110([01]{3})010([01]{34})([01]{24})000000000000000000000000" grammar="'00101110' filter '010' gs1companyprefix serviceref '000000000000000000000000'">
				<field seq="1" name="filter" decimalMinimum="0" decimalMaximum="7" characterSet="[01]*" length="1" bitPadDir="LEFT" bitLength="3"/>
				<field seq="2" name="gs1companyprefix" decimalMinimum="0" decimalMaximum="9999999999" characterSet="[01]*" length="10" bitPadDir="LEFT" bitLength="34"/>
				<field seq="3" name="serviceref" decimalMinimum="0" decimalMaximum="9999999" characterSet="[01]*" length="7" bitPadDir="LEFT" bitLength="24"/>
			</option>
			<option optionKey="9" pattern="^00101110([01]{3})011([01]{30})([01]{28})000000000000000000000000" grammar="'00101110' filter '011' gs1companyprefix serviceref '000000000000000000000000'">
				<field seq="1" name="filter" decimalMinimum="0" decimalMaximum="7" characterSet="[01]*" length="1" bitPadDir="LEFT" bitLength="3"/>
				<field seq="2" name="gs1companyprefix" decimalMinimum="0" decimalMaximum="999999999" characterSet="[01]*" length="9" bitPadDir="LEFT" bitLength="30"/>
				<field seq="3" name="serviceref" decimalMinimum="0" decimalMaximum="99999999" characterSet="[01]*" length="8" bitPadDir="LEFT" bitLength="28"/>
			</option>
			<option optionKey="8" pattern="^00101110([01]{3})100([01]{27})([01]{31})000000000000000000000000" grammar="'00101110' filter '100' gs1companyprefix serviceref '000000000000000000000000'">
				<field seq="1" name="filter" decimalMinimum="0" decimalMaximum="7" characterSet="[01]*" length="1" bitPadDir="LEFT" bitLength="3"/>
				<field seq="2" name="gs1companyprefix" decimalMinimum="0" decimalMaximum="99999999" characterSet="[01]*" length="8" bitPadDir="LEFT" bitLength="27"/>
				<field seq="3" name="serviceref" decimalMinimum="0" decimalMaximum="999999999" characterSet="[01]*" length="9" bitPadDir="LEFT" bitLength="31"/>
			</option>
			<option optionKey="7" pattern="^00101110([01]{3})101([01]{24})([01]{34})000000000000000000000000" grammar="'00101110' filter '101' gs1companyprefix serviceref '000000000000000000000000'">
				<field seq="1" name="filter" decimalMinimum="0" decimalMaximum="7" characterSet="[01]*" length="1" bitPadDir="LEFT" bitLength="3"/>
				<field seq="2" name="gs1companyprefix" decimalMinimum="0" decimalMaximum="9999999" characterSet="[01]*" length="7" bitPadDir="LEFT" bitLength="24"/>
				<field seq="3" name="serviceref" decimalMinimum="0" decimalMaximum="9999999999" characterSet="[01]*" length="10" bitPadDir="LEFT" bitLength="34"/>
			</option>
			<option optionKey="6" pattern="^00101110([01]{3})110([01]{20})([01]{38})000000000000000000000000" grammar="'00101110' filter '110' gs1companyprefix serviceref '000000000000000000000000'">
				<field seq="1" name="filter" decimalMinimum="0" decimalMaximum="7" characterSet="[01]*" length="1" bitPadDir="LEFT" bitLength="3"/>
				<field seq="2" name="gs1companyprefix" decimalMinimum="0" decimalMaximum="999999" characterSet="[01]*" length="6" bitPadDir="LEFT" bitLength="20"/>
				<field seq="3" name="serviceref" decimalMinimum="0" decimalMaximum="99999999999" characterSet="[01]*" length="11" bitPadDir="LEFT" bitLength="38"/>
			</option>
		</level>
		<level type="TAG_ENCODING" prefixMatch="urn:epc:tag:gsrnp-96" requiredFormattingParameters="filter,tagLength">
			<option optionKey="12" pattern="^urn:epc:tag:gsrnp-96:([0-7]{1})\.([0-9]{12})\.([0-9]{5})$" grammar="'urn:epc:tag:gsrnp-96:' filter '.' gs1companyprefix '.' serviceref">
				<field seq="1" name="filter" decimalMinimum="0" decimalMaximum="7" characterSet="[0-7]*" length="1" padChar="0" padDir="LEFT"/>
				<field seq="2" name="gs1companyprefix" decimalMinimum="0" decimalMaximum="999999999999" characterSet="[0-9]*" length="12" padChar="0" padDir="LEFT"/>
				<field seq="3" name="serviceref" decimalMinimum="0" decimalMaximum="99999" characterSet="[0-9]*" length="5" padChar="0" padDir="LEFT"/>
			</option>
			<option optionKey="11" pattern="^urn:epc:tag:gsrnp-96:([0-7]{1})\.([0-9]{11})\.([0-9]{6})$" grammar="'urn:epc:tag:gsrnp-96:' filter '.' gs1companyprefix '.' serviceref">
				<field seq="1" name="filter" decimalMinimum="0" decimalMaximum="7" characterSet="[0-7]*" length="1" padChar="0" padDir="LEFT"/>
				<field seq="2" name="gs1companyprefix" decimalMinimum="0" decimalMaximum="99999999999" characterSet="[0-9]*" length="11" padChar="0" padDir="LEFT"/>
				<field seq="3" name="serviceref" decimalMinimum="0" decimalMaximum="999999" characterSet="[0-9]*" length="6" padChar="0" padDir="LEFT"/>
			</option>
			<option optionKey="10" pattern="^urn:epc:tag:gsrnp-96:([0-7]{1})\.([0-9]{10})\.([0-9]{7})$" grammar="'urn:epc:tag:gsrnp-96:' filter '.' gs1companyprefix '.' serviceref">
				<field seq="1" name="filter" decimalMinimum="0" decimalMaximum="7" characterSet="[0-7]*" length="1" padChar="0" padDir="LEFT"/>
				<field seq="2" name="gs1companyprefix" decimalMinimum="0" decimalMaximum="9999999999" characterSet="[0-9]*" length="10" padChar="0" padDir="LEFT"/>
				<field seq="3" name="serviceref" decimalMinimum="0" decimalMaximum="9999999" characterSet="[0-9]*" length="7" padChar="0" padDir="LEFT"/>
			</option>
			<option optionKey="9" pattern="^urn:epc:tag:gsrnp-96:([0-7]{1})\.([0-9]{9})\.([0-9]{8})$" grammar="'urn:epc:tag:gsrnp-96:' filter '.' gs1companyprefix '.' serviceref">
				<field seq="1" name="filter" decimalMinimum="0" decimalMaximum="7" characterSet="[0-7]*" length="1" padChar="0" padDir="LEFT"/>
				<field seq="2" name="gs1companyprefix" decimalMinimum="0" decimalMaximum="999999999" characterSet="[0-9]*" length="9" padChar="0" padDir="LEFT"/>
				<field seq="3" name="serviceref" decimalMinimum="0" decimalMaximum="99999999" characterSet="[0-9]*" length="8" padChar="0" padDir="LEFT"/>
			</option>
			<option optionKey="8" pattern="^urn:epc:tag:gsrnp-96:([0-7]{1})\.([0-9]{8})\.([0-9]{9})$" grammar="'urn:epc:tag:gsrnp-96:' filter '.' gs1companyprefix '.' serviceref">
				<field seq="1" name="filter" decimalMinimum="0" decimalMaximum="7" characterSet="[0-7]*" length="1" padChar="0" padDir="LEFT"/>
				<field seq="2" name="gs1companyprefix" decimalMinimum="0" decimalMaximum="99999999" characterSet="[0-9]*" length="8" padChar="0" padDir="LEFT"/>
				<field seq="3" name="serviceref" decimalMinimum="0" decimalMaximum="999999999" characterSet="[0-9]*" length="9" padChar="0" padDir="LEFT"/>
			</option>
			<option optionKey="7" pattern="^urn:epc:tag:gsrnp-96:([0-7]{1})\.([0-9]{7})\.([0-9]{10})$" grammar="'urn:epc:tag:gsrnp-96:' filter '.' gs1companyprefix '.' serviceref">
				<field seq="1" name="filter" decimalMinimum="0" decimalMaximum="7" characterSet="[0-7]*" length="1" padChar="0" padDir="LEFT"/>
				<field seq="2" name="gs1companyprefix" decimalMinimum="0" decimalMaximum="9999999" characterSet="[0-9]*" length="7" padChar="0" padDir="LEFT"/>
				<field seq="3" name="serviceref" decimalMinimum="0" decimalMaximum="9999999999" characterSet="[0-9]*" length="10" padChar="0" padDir="LEFT"/>
			</option>
			<option optionKey="6" pattern="^urn:epc:tag:gsrnp-96:([0-7]{1})\.([0-9]{6})\.([0-9]{11})$" grammar="'urn:epc:tag:gsrnp-96:' filter '.' gs1companyprefix '.' serviceref">
				<field seq="1" name="filter" decimalMinimum="0" decimalMaximum="7" characterSet="[0-7]*" length="1" padChar="0" padDir="LEFT"/>
				<field seq="2" name="gs1companyprefix" decimalMinimum="0" decimalMaximum="999999" characterSet="[0-9]*" length="6" padChar="0" padDir="LEFT"/>
				<field seq="3" name="serviceref" decimalMinimum="0" decimalMaximum="99999999999" characterSet="[0-9]*" length="11" padChar="0" padDir="LEFT"/>
			</option>
		</level>
		<level type="PURE_IDENTITY" prefixMatch="urn:epc:id:gsrnp">
			<option optionKey="12" pattern="^urn:epc:id:gsrnp:([0-9]{12})\.([0-9]{5})$" grammar="'urn:epc:id:gsrnp:' gs1companyprefix '.' serviceref">
				<field seq="1" name="gs1companyprefix" decimalMinimum="0" decimalMaximum="999999999999" characterSet="[0-9]*" length="12" padChar="0" padDir="LEFT"/>
				<field seq="2" name="serviceref" decimalMinimum="0" decimalMaximum="99999" characterSet="[0-9]*" length="5" padChar="0" padDir="LEFT"/>
			</option>
			<option optionKey="11" pattern="^urn:epc:id:gsrnp:([0-9]{11})\.([0-9]{6})$" grammar="'urn:epc:id:gsrnp:' gs1companyprefix '.' serviceref">
				<field seq="1" name="gs1companyprefix" decimalMinimum="0" decimalMaximum="99999999999" characterSet="[0-9]*" length="11" padChar="0" padDir="LEFT"/>
				<field seq="2" name="serviceref" decimalMinimum="0" decimalMaximum="999999" characterSet="[0-9]*" length="6" padChar="0" padDir="LEFT"/>
			</option>
			<option optionKey="10" pattern="^urn:epc:id:gsrnp:([0-9]{10})\.([0-9]{7})$" grammar="'urn:epc:id:gsrnp:' gs1companyprefix '.' serviceref">
				<field seq="1" name="gs1companyprefix" decimalMinimum="0" decimalMaximum="9999999999" characterSet="[0-9]*" length="10" padChar="0" padDir="LEFT"/>
				<field seq="2" name="serviceref" decimalMinimum="0" decimalMaximum="9999999" characterSet="[0-9]*" length="7" padChar="0" padDir="LEFT"/>
			</option>
			<option optionKey="9" pattern="^urn:epc:id:gsrnp:([0-9]{9})\.([0-9]{8})$" grammar="'urn:epc:id:gsrnp:' gs1companyprefix '.' serviceref">
				<field seq="1" name="gs1companyprefix" decimalMinimum="0" decimalMaximum="999999999" characterSet="[0-9]*" length="9" padChar="0" padDir="LEFT"/>
				<field seq="2" name="serviceref" decimalMinimum="0" decimalMaximum="99999999" characterSet="[0-9]*" length="8" padChar="0" padDir="LEFT"/>
			</option>
			<option optionKey="8" pattern="^urn:epc:id:gsrnp:([0-9]{8})\.([0-9]{9})$" grammar="'urn:epc:id:gsrnp:' gs1companyprefix '.' serviceref">
				<field seq="1" name="gs1companyprefix" decimalMinimum="0" decimalMaximum="99999999" characterSet="[0-9]*" length="8" padChar="0" padDir="LEFT"/>
				<field seq="2" name="serviceref" decimalMinimum="0" decimalMaximum="999999999" characterSet="[0-9]*" length="9" padChar="0" padDir="LEFT"/>
			</option>
			<option optionKey="7" pattern="^urn:epc:id:gsrnp:([0-9]{7})\.([0-9]{10})$" grammar="'urn:epc:id:gsrnp:' gs1companyprefix '.' serviceref">
				<field seq="1" name="gs1companyprefix" decimalMinimum="0" decimalMaximum="9999999" characterSet="[0-9]*" length="7" padChar="0" padDir="LEFT"/>
				<field seq="2" name="serviceref" decimalMinimum="0" decimalMaximum="9999999999" characterSet="[0-9]*" length="10" padChar="0" padDir="LEFT"/>
			</option>
			<option optionKey="6" pattern="^urn:epc:id:gsrnp:([0-9]{6})\.([0-9]{11})$" grammar="'urn:epc:id:gsrnp:' gs1companyprefix '.' serviceref">
				<field seq="1" name="gs1companyprefix" decimalMinimum="0" decimalMaximum="999999" characterSet="[0-9]*" length="6" padChar="0" padDir="LEFT"/>
				<field seq="2" name="serviceref" decimalMinimum="0" decimalMaximum="99999999999" characterSet="[0-9]*" length="11" padChar="0" padDir="LEFT"/>
			</option>
		</level>
		<level type="BARE_IDENTIFIER" prefixMatch="gsrnp=" requiredParsingParameters="gs1companyprefixlength">
			<option optionKey="12" pattern="^gsrnp=([0-9]{18})$" grammar="'gsrnp=' gs1companyprefix serviceref checkdigit">
				<field seq="1" name="gsrnp" decimalMinimum="0" decimalMaximum="999999999999999999" characterSet="[0-9]*" length="18" padChar="0" padDir="LEFT" gcpOffset="0"/>
			</option>
			<option optionKey="11" pattern="^gsrnp=([0-9]{18})$" grammar="'gsrnp=' gs1companyprefix serviceref checkdigit">
				<field seq="1" name="gsrnp" decimalMinimum="0" decimalMaximum="999999999999999999" characterSet="[0-9]*" length="18" padChar="0" padDir="LEFT" gcpOffset="0"/>
			</option>
			<option optionKey="10" pattern="^gsrnp=([0-9]{18})$" grammar="'gsrnp=' gs1companyprefix serviceref checkdigit">
				<field seq="1" name="gsrnp" decimalMinimum="0" decimalMaximum="999999999999999999" characterSet="[0-9]*" length="18" padChar="0" padDir="LEFT" gcpOffset="0"/>
			</option>
			<option optionKey="9" pattern="^gsrnp=([0-9]{18})$" grammar="'gsrnp=' gs1companyprefix serviceref checkdigit">
				<field seq="1" name="gsrnp" decimalMinimum="0" decimalMaximum="999999999999999999" characterSet="[0-9]*" length="18" padChar="0" padDir="LEFT" gcpOffset="0"/>
			</option>
			<option optionKey="8" pattern="^gsrnp=([0-9]{18})$" grammar="'gsrnp=' gs1companyprefix serviceref checkdigit">
				<field seq="1" name="gsrnp" decimalMinimum="0" decimalMaximum="999999999999999999" characterSet="[0-9]*" length="18" padChar="0" padDir="LEFT" gcpOffset="0"/>
			</option>
			<option optionKey="7" pattern="^gsrnp=([0-9]{18})$" grammar="'gsrnp=' gs1companyprefix serviceref checkdigit">
				<field seq="1" name="gsrnp" decimalMinimum="0" decimalMaximum="999999999999999999" characterSet="[0-9]*" length="18" padChar="0" padDir="LEFT" gcpOffset="0"/>
			</option>
			<option optionKey="6" pattern="^gsrnp=([0-9]{18})$" grammar="'gsrnp=' gs1companyprefix serviceref checkdigit">
				<field seq="1" name="gsrnp" decimalMinimum="0" decimalMaximum="999999999999999999" characterSet="[0-9]*" length="18" padChar="0" padDir="LEFT" gcpOffset="0"/>
			</option>
			<rule type="EXTRACT" inputFormat="STRING" seq="1" newFieldName="gsrnpprefix" characterSet="[0-9]*" length="17" function="SUBSTR(gsrnp,0,17)"/>
			<rule type="EXTRACT" inputFormat="STRING" seq="2" newFieldName="serviceref" characterSet="[0-9]*" function="SUBSTR(gsrnpprefix,gs1companyprefixlength)"/>
			<rule type="EXTRACT" inputFormat="STRING" seq="3" newFieldName="gs1companyprefix" characterSet="[0-9]*" function="SUBSTR(gsrnpprefix,0,gs1companyprefixlength)"/>
			<rule type="FORMAT" inputFormat="STRING" seq="1" newFieldName="gsrnpprefix" characterSet="[0-9]*" length="17" function="CONCAT(gs1companyprefix,serviceref)"/>
			<rule type="FORMAT" inputFormat="STRING" seq="2" newFieldName="checkdigit" characterSet="[0-9]*" length="1" function="GS1CHECKSUM(gsrnpprefix)"/>
		</level>
		<level type="GS1_AI_JSON" prefixMatch="{" requiredParsingParameters="gs1companyprefixlength">
			<option optionKey="12" pattern="^\{\s*\x228017\x22\s*:\s*\x22([0-9]{18})\x22" grammar="'{&quot;8017&quot;:&quot;' gs1companyprefix serviceref checkdigit '&quot;}'" aiSequence="[&quot;8017&quot;]" >
				<field seq="1" name="gsrnp" decimalMinimum="0" decimalMaximum="999999999999999999" characterSet="[0-9]*" length="18" padChar="0" padDir="LEFT" gcpOffset="0"/>
			</option>
			<option optionKey="11" pattern="^\{\s*\x228017\x22\s*:\s*\x22([0-9]{18})\x22" grammar="'{&quot;8017&quot;:&quot;' gs1companyprefix serviceref checkdigit '&quot;}'" aiSequence="[&quot;8017&quot;]" >
				<field seq="1" name="gsrnp" decimalMinimum="0" decimalMaximum="999999999999999999" characterSet="[0-9]*" length="18" padChar="0" padDir="LEFT" gcpOffset="0"/>
			</option>
			<option optionKey="10" pattern="^\{\s*\x228017\x22\s*:\s*\x22([0-9]{18})\x22" grammar="'{&quot;8017&quot;:&quot;' gs1companyprefix serviceref checkdigit '&quot;}'" aiSequence="[&quot;8017&quot;]" >
				<field seq="1" name="gsrnp" decimalMinimum="0" decimalMaximum="999999999999999999" characterSet="[0-9]*" length="18" padChar="0" padDir="LEFT" gcpOffset="0"/>
			</option>
			<option optionKey="9" pattern="^\{\s*\x228017\x22\s*:\s*\x22([0-9]{18})\x22" grammar="'{&quot;8017&quot;:&quot;' gs1companyprefix serviceref checkdigit '&quot;}'" aiSequence="[&quot;8017&quot;]" >
				<field seq="1" name="gsrnp" decimalMinimum="0" decimalMaximum="999999999999999999" characterSet="[0-9]*" length="18" padChar="0" padDir="LEFT" gcpOffset="0"/>
			</option>
			<option optionKey="8" pattern="^\{\s*\x228017\x22\s*:\s*\x22([0-9]{18})\x22" grammar="'{&quot;8017&quot;:&quot;' gs1companyprefix serviceref checkdigit '&quot;}'" aiSequence="[&quot;8017&quot;]" >
				<field seq="1" name="gsrnp" decimalMinimum="0" decimalMaximum="999999999999999999" characterSet="[0-9]*" length="18" padChar="0" padDir="LEFT" gcpOffset="0"/>
			</option>
			<option optionKey="7" pattern="^\{\s*\x228017\x22\s*:\s*\x22([0-9]{18})\x22" grammar="'{&quot;8017&quot;:&quot;' gs1companyprefix serviceref checkdigit '&quot;}'" aiSequence="[&quot;8017&quot;]" >
				<field seq="1" name="gsrnp" decimalMinimum="0" decimalMaximum="999999999999999999" characterSet="[0-9]*" length="18" padChar="0" padDir="LEFT" gcpOffset="0"/>
			</option>
			<option optionKey="6" pattern="^\{\s*\x228017\x22\s*:\s*\x22([0-9]{18})\x22" grammar="'{&quot;8017&quot;:&quot;' gs1companyprefix serviceref checkdigit '&quot;}'" aiSequence="[&quot;8017&quot;]" >
				<field seq="1" name="gsrnp" decimalMinimum="0" decimalMaximum="999999999999999999" characterSet="[0-9]*" length="18" padChar="0" padDir="LEFT" gcpOffset="0"/>
			</option>
			<rule type="EXTRACT" inputFormat="STRING" seq="1" newFieldName="gsrnpprefix" characterSet="[0-9]*" length="17" function="SUBSTR(gsrnp,0,17)"/>
			<rule type="EXTRACT" inputFormat="STRING" seq="2" newFieldName="serviceref" characterSet="[0-9]*" function="SUBSTR(gsrnpprefix,gs1companyprefixlength)"/>
			<rule type="EXTRACT" inputFormat="STRING" seq="3" newFieldName="gs1companyprefix" characterSet="[0-9]*" function="SUBSTR(gsrnpprefix,0,gs1companyprefixlength)"/>
			<rule type="FORMAT" inputFormat="STRING" seq="1" newFieldName="gsrnpprefix" characterSet="[0-9]*" length="17" function="CONCAT(gs1companyprefix,serviceref)"/>
			<rule type="FORMAT" inputFormat="STRING" seq="2" newFieldName="checkdigit" characterSet="[0-9]*" length="1" function="GS1CHECKSUM(gsrnpprefix)"/>
		</level>
		<level type="GS1_DIGITAL_LINK" prefixMatch="http" requiredFormattingParameters="uriStem" requiredParsingParameters="gs1companyprefixlength" gs1DigitalLinkKeyQualifiers="[&quot;8019&quot;]" >
			<option optionKey="12" pattern="\/8017\/([0-9]{18})(?:\?|$)" grammar="uriStem '/8017/' gs1companyprefix serviceref checkdigit" aiSequence="[&quot;8017&quot;]" >
				<field seq="1" name="gsrnp" decimalMinimum="0" decimalMaximum="999999999999999999" characterSet="[0-9]*" length="18" padChar="0" padDir="LEFT" gcpOffset="0"/>
			</option>
			<option optionKey="11" pattern="\/8017\/([0-9]{18})(?:\?|$)" grammar="uriStem '/8017/' gs1companyprefix serviceref checkdigit" aiSequence="[&quot;8017&quot;]" >
				<field seq="1" name="gsrnp" decimalMinimum="0" decimalMaximum="999999999999999999" characterSet="[0-9]*" length="18" padChar="0" padDir="LEFT" gcpOffset="0"/>
			</option>
			<option optionKey="10" pattern="\/8017\/([0-9]{18})(?:\?|$)" grammar="uriStem '/8017/' gs1companyprefix serviceref checkdigit" aiSequence="[&quot;8017&quot;]" >
				<field seq="1" name="gsrnp" decimalMinimum="0" decimalMaximum="999999999999999999" characterSet="[0-9]*" length="18" padChar="0" padDir="LEFT" gcpOffset="0"/>
			</option>
			<option optionKey="9" pattern="\/8017\/([0-9]{18})(?:\?|$)" grammar="uriStem '/8017/' gs1companyprefix serviceref checkdigit" aiSequence="[&quot;8017&quot;]" >
				<field seq="1" name="gsrnp" decimalMinimum="0" decimalMaximum="999999999999999999" characterSet="[0-9]*" length="18" padChar="0" padDir="LEFT" gcpOffset="0"/>
			</option>
			<option optionKey="8" pattern="\/8017\/([0-9]{18})(?:\?|$)" grammar="uriStem '/8017/' gs1companyprefix serviceref checkdigit" aiSequence="[&quot;8017&quot;]" >
				<field seq="1" name="gsrnp" decimalMinimum="0" decimalMaximum="999999999999999999" characterSet="[0-9]*" length="18" padChar="0" padDir="LEFT" gcpOffset="0"/>
			</option>
			<option optionKey="7" pattern="\/8017\/([0-9]{18})(?:\?|$)" grammar="uriStem '/8017/' gs1companyprefix serviceref checkdigit" aiSequence="[&quot;8017&quot;]" >
				<field seq="1" name="gsrnp" decimalMinimum="0" decimalMaximum="999999999999999999" characterSet="[0-9]*" length="18" padChar="0" padDir="LEFT" gcpOffset="0"/>
			</option>
			<option optionKey="6" pattern="\/8017\/([0-9]{18})(?:\?|$)" grammar="uriStem '/8017/' gs1companyprefix serviceref checkdigit" aiSequence="[&quot;8017&quot;]" >
				<field seq="1" name="gsrnp" decimalMinimum="0" decimalMaximum="999999999999999999" characterSet="[0-9]*" length="18" padChar="0" padDir="LEFT" gcpOffset="0"/>
			</option>
			<rule type="EXTRACT" inputFormat="STRING" seq="1" newFieldName="gsrnpprefix" characterSet="[0-9]*" length="17" function="SUBSTR(gsrnp,0,17)"/>
			<rule type="EXTRACT" inputFormat="STRING" seq="2" newFieldName="serviceref" characterSet="[0-9]*" function="SUBSTR(gsrnpprefix,gs1companyprefixlength)"/>
			<rule type="EXTRACT" inputFormat="STRING" seq="3" newFieldName="gs1companyprefix" characterSet="[0-9]*" function="SUBSTR(gsrnpprefix,0,gs1companyprefixlength)"/>
			<rule type="FORMAT" inputFormat="STRING" seq="1" newFieldName="gsrnpprefix" characterSet="[0-9]*" length="17" function="CONCAT(gs1companyprefix,serviceref)"/>
			<rule type="FORMAT" inputFormat="STRING" seq="2" newFieldName="checkdigit" characterSet="[0-9]*" length="1" function="GS1CHECKSUM(gsrnpprefix)"/>
		</level>
	</scheme>
</tdt:epcTagDataTranslation>
