<?xml version="1.0" encoding="UTF-8"?>
<table>
	<tableID>K</tableID>
	<date>2023-02-22T12:30:00Z</date>
	<description>Length of GS1 Application Identifier key based on initial two digits - based on GS1 Gen Specs v22 Figure 7.8.2-1 GS1 Application Identifier lengths</description>
	<columns>
		<column id="a" name="Initial two digits" description= "Initial two digits of a GS1 Application Identifier key"></column>
		<column id="b" name="GS1 AI key length" description="Length of the GS1 Application Identifier key (2, 3 or 4 digits)"></column>
		<column id="c" name="Additional bits to read" description="Number of additional bits to read beyond the initial 8 bits of the data header"></column>
	</columns>
	<rows>
		<row a="00" b="2" c="0"></row>
		<row a="01" b="2" c="0"></row>
		<row a="02" b="2" c="0"></row>
		<row a="10" b="2" c="0"></row>
		<row a="11" b="2" c="0"></row>
		<row a="12" b="2" c="0"></row>
		<row a="13" b="2" c="0"></row>
		<row a="15" b="2" c="0"></row>
		<row a="16" b="2" c="0"></row>
		<row a="17" b="2" c="0"></row>
		<row a="20" b="2" c="0"></row>
		<row a="21" b="2" c="0"></row>
		<row a="22" b="2" c="0"></row>
		<row a="23" b="3" c="4"></row>
		<row a="24" b="3" c="4"></row>
		<row a="25" b="3" c="4"></row>
		<row a="30" b="2" c="0"></row>
		<row a="31" b="4" c="8"></row>
		<row a="32" b="4" c="8"></row>
		<row a="33" b="4" c="8"></row>
		<row a="34" b="4" c="8"></row>
		<row a="35" b="4" c="8"></row>
		<row a="36" b="4" c="8"></row>
		<row a="37" b="2" c="0"></row>
		<row a="39" b="4" c="8"></row>
		<row a="40" b="3" c="4"></row>
		<row a="41" b="3" c="4"></row>
		<row a="42" b="3" c="4"></row>
		<row a="43" b="4" c="8"></row>
		<row a="70" b="4" c="8"></row>
		<row a="71" b="3" c="4"></row>
		<row a="72" b="4" c="8"></row>
		<row a="80" b="4" c="8"></row>
		<row a="81" b="4" c="8"></row>
		<row a="82" b="4" c="8"></row>
		<row a="90" b="2" c="0"></row>
		<row a="91" b="2" c="0"></row>
		<row a="92" b="2" c="0"></row>
		<row a="93" b="2" c="0"></row>
		<row a="94" b="2" c="0"></row>
		<row a="95" b="2" c="0"></row>
		<row a="96" b="2" c="0"></row>
		<row a="97" b="2" c="0"></row>
		<row a="98" b="2" c="0"></row>
		<row a="99" b="2" c="0"></row>
	</rows>
</table>




