{
  "_id": "/01/09506000134376",
  "qualifiers": [
    {
      "10": "LOT_123"
    },
    {
      "21": "SERIAL_456"
    }
  ],
  "linkset": [
    {
      "anchor": "https://<resolver-web-server-domain>/01/09506000134376",
      "itemDescription": "Dal Giardino Medicinal Compound 50 x 200mg",
      "https://gs1.org/voc/defaultLink": [
        {
          "href": "https://dalgiardino.com/medicinal-compound/",
          "title": "Product information"
        }
      ],
      "https://gs1.org/voc/epil": [
        {
          "href": "https://dalgiardino.com/medicinal-compound/pil.html",
          "title": "Information for patients",
          "type": "text/html",
          "hreflang": [
            "en"
          ],
          "context": [
            "und",
            "marketing"
          ]
        }
      ],
      "https://gs1.org/voc/pip": [
        {
          "href": "https://dalgiardino.com/medicinal-compound/",
          "title": "Product information",
          "type": "text/html",
          "hreflang": [
            "en"
          ]
        },
        {
          "href": "https://dalgiardino.com/medicinal-compound/index.html.ja",
          "title": "Product information",
          "type": "text/html",
          "hreflang": [
            "ja"
          ]
        },
        {
          "href": "https://dalgiardino.com/medicinal-compound/",
          "title": "Product information",
          "type": "text/html",
          "hreflang": [
            "en"
          ],
          "context": [
            "und"
          ]
        },
        {
          "href": "https://dalgiardino.com/medicinal-compound/index.html.ja",
          "title": "Product information",
          "type": "text/html",
          "hreflang": [
            "ja"
          ],
          "context": [
            "und",
            "marketing"
          ]
        }
      ],
      "https://gs1.org/voc/defaultLinkMulti": [
        {
          "href": "https://dalgiardino.com/medicinal-compound/",
          "title": "Product information",
          "type": "text/html",
          "hreflang": [
            "en"
          ]
        },
        {
          "href": "https://dalgiardino.com/medicinal-compound/index.html.ja",
          "title": "Product information",
          "type": "text/html",
          "hreflang": [
            "ja"
          ]
        },
        {
          "href": "https://dalgiardino.com/medicinal-compound/",
          "title": "Product information",
          "type": "text/html",
          "hreflang": [
            "en"
          ]
        },
        {
          "href": "https://dalgiardino.com/medicinal-compound/index.html.ja",
          "title": "Product information",
          "type": "text/html",
          "hreflang": [
            "ja"
          ],
          "context": [
            "und",
            "marketing"
          ]
        }
      ]
    }
  ]
}
