{
    "linkset": [
    {
        "anchor": "https://resolver-st.gs1.org01/09506000164908",
        "itemDescription": "Crew neck white t-shirt",
        "https://ref.gs1.org/voc/certificationInfo": [
            {
                "href": "https://ref.gs1.org/tools/demo/2024retail/certificates",
                "title": "Certificates",
                "type": "text/html",
                "hreflang": [
                    "en"
                ]
            },
            {
                "href": "https://www.oeko-tex.com/v/07.BH.52767",
                "title": "OEKO-TEX certificate",
                "type": "text/html",
                "hreflang": [
                    "fr"
                ]
            },
            {
                "href": "https://supplier.roadmaptozero.com/flp/certificate/verify/5067/95ac8a1acf238e6ae40d761400687fac",
                "title": "Roadmap to Zero certificate",
                "type": "text/html",
                "hreflang": [
                    "en"
                ]
            },
            {
                "href": "https://certificate.example/001",
                "title": "Another certificate",
                "type": "application/pdf"
            },
            {
                "href": "https://certificate.example/002",
                "title": "Another certificate",
                "type": "application/pdf",
                "hreflang": [
                    "en"
                ]
            },
            {
                "href": "https://certificate.example/003",
                "title": "Another certificate",
                "type": "application/pdf",
                "hreflang": [
                    "en"
                ],
                "context":["LK"]
            }
        ],
        "https://ref.gs1.org/voc/homepage": [
            {
                "href": "https://ref.gs1.org/tools/demo/2024retail/",
                "title": "Menu",
                "type": "text/html",
                "hreflang": [
                    "en"
                ]
            }
        ],
        "https://ref.gs1.org/voc/instructions": [
            {
                "href": "https://ref.gs1.org/tools/demo/2024retail/recycling",
                "title": "Recycling",
                "type": "text/html",
                "hreflang": [
                    "en"
                ]
            }
        ],
        "https://ref.gs1.org/voc/pip": [
            {
                "href": "https://ref.gs1.org/tools/demo/2024retail/pip",
                "title": "Product Info",
                "type": "text/html",
                "hreflang": [
                    "en"
                ]
            }
        ],
        "https://ref.gs1.org/voc/sustainabilityInfo": [
            {
                "href": "https://ref.gs1.org/tools/demo/2024retail/sustainability",
                "title": "Sustainability",
                "type": "text/html",
                "hreflang": [
                    "en"
                ]
            }
        ],
        "https://ref.gs1.org/voc/traceability": [
            {
                "href": "https://ref.gs1.org/tools/demo/2024retail/track-and-trace",
                "title": "Track and Trace",
                "type": "text/html",
                "hreflang": [
                    "en"
                ]
            }
        ],
        "https://ref.gs1.org/voc/defaultLink": [
            {
                "href": "https://ref.gs1.org/tools/demo/2024retail/",
                "title": "Menu"
            }
        ]
    }
]
}
