<component name="ProjectRunConfigurationManager">
  <configuration default="false" name="Convert Mongo Linkset to V3" type="PythonConfigurationType" factoryName="Python">
    <module name="GS1_DigitalLink_Resolver_CE" />
    <option name="ENV_FILES" value="" />
    <option name="INTERPRETER_OPTIONS" value="" />
    <option name="PARENT_ENVS" value="true" />
    <envs>
      <env name="PYTHONUNBUFFERED" value="1" />
    </envs>
    <option name="SDK_HOME" value="" />
    <option name="WORKING_DIRECTORY" value="$PROJECT_DIR$/useful_external_python_scripts" />
    <option name="IS_MODULE_SDK" value="true" />
    <option name="ADD_CONTENT_ROOTS" value="true" />
    <option name="ADD_SOURCE_ROOTS" value="true" />
    <EXTENSION ID="PythonCoverageRunConfigurationExtension" runner="coverage.py" />
    <EXTENSION ID="net.ashald.envfile">
      <option name="IS_ENABLED" value="false" />
      <option name="IS_SUBST" value="false" />
      <option name="IS_PATH_MACRO_SUPPORTED" value="false" />
      <option name="IS_IGNORE_MISSING_FILES" value="false" />
      <option name="IS_ENABLE_EXPERIMENTAL_INTEGRATIONS" value="false" />
      <ENTRIES>
        <ENTRY IS_ENABLED="true" PARSER="runconfig" IS_EXECUTABLE="false" />
      </ENTRIES>
    </EXTENSION>
    <option name="SCRIPT_NAME" value="$PROJECT_DIR$/useful_external_python_scripts/convert_data_entry_between_v3_and_linkset_db_format.py" />
    <option name="PARAMETERS" value="mongo_linkset_example.json data_entry_v3_output.json mongo_linkset_to_data_entry" />
    <option name="SHOW_COMMAND_LINE" value="false" />
    <option name="EMULATE_TERMINAL" value="false" />
    <option name="MODULE_MODE" value="false" />
    <option name="REDIRECT_INPUT" value="false" />
    <option name="INPUT_FILE" value="" />
    <method v="2" />
  </configuration>
</component>